cloud.google.com/go/compute/metadata,https://github.com/cockroachdb/cockroach/blob/HEAD/vendor/cloud.google.com/go/compute/LICENSE,Apache-2.0
cloud.google.com/go/iam,https://github.com/cockroachdb/cockroach/blob/HEAD/vendor/cloud.google.com/go/iam/LICENSE,Apache-2.0
cloud.google.com/go/internal,https://github.com/cockroachdb/cockroach/blob/HEAD/vendor/cloud.google.com/go/LICENSE,Apache-2.0
cloud.google.com/go/kms/apiv1,https://github.com/cockroachdb/cockroach/blob/HEAD/vendor/cloud.google.com/go/kms/LICENSE,Apache-2.0
cloud.google.com/go/pubsub,https://github.com/cockroachdb/cockroach/blob/HEAD/vendor/cloud.google.com/go/pubsub/LICENSE,Apache-2.0
cloud.google.com/go/storage,https://github.com/cockroachdb/cockroach/blob/HEAD/vendor/cloud.google.com/go/storage/LICENSE,Apache-2.0
github.com/Azure/azure-pipeline-go/pipeline,https://github.com/cockroachdb/cockroach/blob/HEAD/vendor/github.com/Azure/azure-pipeline-go/LICENSE,MIT
github.com/Azure/azure-sdk-for-go,https://github.com/cockroachdb/cockroach/blob/HEAD/vendor/github.com/Azure/azure-sdk-for-go/LICENSE.txt,MIT
github.com/Azure/azure-storage-blob-go/azblob,https://github.com/cockroachdb/cockroach/blob/HEAD/vendor/github.com/Azure/azure-storage-blob-go/LICENSE,MIT
github.com/Azure/go-autorest/autorest,https://github.com/cockroachdb/cockroach/blob/HEAD/vendor/github.com/Azure/go-autorest/autorest/LICENSE,Apache-2.0
github.com/Azure/go-autorest/autorest/adal,https://github.com/cockroachdb/cockroach/blob/HEAD/vendor/github.com/Azure/go-autorest/autorest/adal/LICENSE,Apache-2.0
github.com/Azure/go-autorest/autorest/azure/auth,https://github.com/cockroachdb/cockroach/blob/HEAD/vendor/github.com/Azure/go-autorest/autorest/azure/auth/LICENSE,Apache-2.0
github.com/Azure/go-autorest/autorest/azure/cli,https://github.com/cockroachdb/cockroach/blob/HEAD/vendor/github.com/Azure/go-autorest/autorest/azure/cli/LICENSE,Apache-2.0
github.com/Azure/go-autorest/autorest/date,https://github.com/cockroachdb/cockroach/blob/HEAD/vendor/github.com/Azure/go-autorest/autorest/date/LICENSE,Apache-2.0
github.com/Azure/go-autorest/autorest/to,https://github.com/cockroachdb/cockroach/blob/HEAD/vendor/github.com/Azure/go-autorest/autorest/to/LICENSE,Apache-2.0
github.com/Azure/go-autorest/autorest/validation,https://github.com/cockroachdb/cockroach/blob/HEAD/vendor/github.com/Azure/go-autorest/autorest/validation/LICENSE,Apache-2.0
github.com/Azure/go-autorest/logger,https://github.com/cockroachdb/cockroach/blob/HEAD/vendor/github.com/Azure/go-autorest/logger/LICENSE,Apache-2.0
github.com/Azure/go-autorest/tracing,https://github.com/cockroachdb/cockroach/blob/HEAD/vendor/github.com/Azure/go-autorest/tracing/LICENSE,Apache-2.0
github.com/BurntSushi/toml,https://github.com/cockroachdb/cockroach/blob/HEAD/vendor/github.com/BurntSushi/toml/COPYING,MIT
github.com/DataDog/zstd,https://github.com/cockroachdb/cockroach/blob/HEAD/vendor/github.com/DataDog/zstd/LICENSE,BSD-3-Clause
github.com/Masterminds/semver/v3,https://github.com/cockroachdb/cockroach/blob/HEAD/vendor/github.com/Masterminds/semver/v3/LICENSE.txt,MIT
github.com/MichaelTJones/walk,https://github.com/cockroachdb/cockroach/blob/HEAD/vendor/github.com/MichaelTJones/walk/README.md,MIT
github.com/PuerkitoBio/goquery,https://github.com/cockroachdb/cockroach/blob/HEAD/vendor/github.com/PuerkitoBio/goquery/LICENSE,BSD-3-Clause
github.com/Shopify/sarama,https://github.com/cockroachdb/cockroach/blob/HEAD/vendor/github.com/Shopify/sarama/LICENSE,MIT
github.com/Shopify/toxiproxy/client,https://github.com/cockroachdb/cockroach/blob/HEAD/vendor/github.com/Shopify/toxiproxy/LICENSE,MIT
github.com/VividCortex/ewma,https://github.com/cockroachdb/cockroach/blob/HEAD/vendor/github.com/VividCortex/ewma/LICENSE,MIT
github.com/abourget/teamcity,https://github.com/cockroachdb/cockroach/blob/HEAD/vendor/github.com/abourget/teamcity/LICENSE,MIT
github.com/alessio/shellescape,https://github.com/cockroachdb/cockroach/blob/HEAD/vendor/github.com/alessio/shellescape/LICENSE,MIT
github.com/andy-kimball/arenaskl,https://github.com/cockroachdb/cockroach/blob/HEAD/vendor/github.com/andy-kimball/arenaskl/LICENSE,Apache-2.0
github.com/andybalholm/cascadia,https://github.com/cockroachdb/cockroach/blob/HEAD/vendor/github.com/andybalholm/cascadia/LICENSE,BSD-2-Clause
github.com/andygrunwald/go-jira,https://github.com/cockroachdb/cockroach/blob/HEAD/vendor/github.com/andygrunwald/go-jira/LICENSE,MIT
github.com/apache/arrow/go/arrow,https://github.com/cockroachdb/cockroach/blob/HEAD/vendor/github.com/apache/arrow/go/arrow/LICENSE.txt,Apache-2.0
github.com/apache/arrow/go/arrow/internal/cpu,https://github.com/cockroachdb/cockroach/blob/HEAD/vendor/github.com/apache/arrow/go/arrow/internal/cpu/README.md,Apache-2.0
github.com/apache/thrift/lib/go/thrift,https://github.com/cockroachdb/cockroach/blob/HEAD/vendor/github.com/apache/thrift/LICENSE,Apache-2.0
github.com/armon/circbuf,https://github.com/cockroachdb/cockroach/blob/HEAD/vendor/github.com/armon/circbuf/LICENSE,MIT
github.com/aws/aws-sdk-go,https://github.com/cockroachdb/cockroach/blob/HEAD/vendor/github.com/aws/aws-sdk-go/LICENSE.txt,Apache-2.0
github.com/aws/aws-sdk-go-v2,https://github.com/cockroachdb/cockroach/blob/HEAD/vendor/github.com/aws/aws-sdk-go-v2/LICENSE.txt,Apache-2.0
github.com/aws/aws-sdk-go-v2/config,https://github.com/cockroachdb/cockroach/blob/HEAD/vendor/github.com/aws/aws-sdk-go-v2/config/LICENSE.txt,Apache-2.0
github.com/aws/aws-sdk-go-v2/credentials,https://github.com/cockroachdb/cockroach/blob/HEAD/vendor/github.com/aws/aws-sdk-go-v2/credentials/LICENSE.txt,Apache-2.0
github.com/aws/aws-sdk-go-v2/feature/ec2/imds,https://github.com/cockroachdb/cockroach/blob/HEAD/vendor/github.com/aws/aws-sdk-go-v2/feature/ec2/imds/LICENSE.txt,Apache-2.0
github.com/aws/aws-sdk-go-v2/internal/ini,https://github.com/cockroachdb/cockroach/blob/HEAD/vendor/github.com/aws/aws-sdk-go-v2/internal/ini/LICENSE.txt,Apache-2.0
github.com/aws/aws-sdk-go-v2/internal/sync/singleflight,https://github.com/cockroachdb/cockroach/blob/HEAD/vendor/github.com/aws/aws-sdk-go-v2/internal/sync/singleflight/LICENSE,BSD-3-Clause
github.com/aws/aws-sdk-go-v2/service/ec2,https://github.com/cockroachdb/cockroach/blob/HEAD/vendor/github.com/aws/aws-sdk-go-v2/service/ec2/LICENSE.txt,Apache-2.0
github.com/aws/aws-sdk-go-v2/service/iam,https://github.com/cockroachdb/cockroach/blob/HEAD/vendor/github.com/aws/aws-sdk-go-v2/service/iam/LICENSE.txt,Apache-2.0
github.com/aws/aws-sdk-go-v2/service/internal/presigned-url,https://github.com/cockroachdb/cockroach/blob/HEAD/vendor/github.com/aws/aws-sdk-go-v2/service/internal/presigned-url/LICENSE.txt,Apache-2.0
github.com/aws/aws-sdk-go-v2/service/sso,https://github.com/cockroachdb/cockroach/blob/HEAD/vendor/github.com/aws/aws-sdk-go-v2/service/sso/LICENSE.txt,Apache-2.0
github.com/aws/aws-sdk-go-v2/service/sts,https://github.com/cockroachdb/cockroach/blob/HEAD/vendor/github.com/aws/aws-sdk-go-v2/service/sts/LICENSE.txt,Apache-2.0
github.com/aws/aws-sdk-go/internal/sync/singleflight,https://github.com/cockroachdb/cockroach/blob/HEAD/vendor/github.com/aws/aws-sdk-go/internal/sync/singleflight/LICENSE,BSD-3-Clause
github.com/aws/smithy-go,https://github.com/cockroachdb/cockroach/blob/HEAD/vendor/github.com/aws/smithy-go/LICENSE,Apache-2.0
github.com/axiomhq/hyperloglog,https://github.com/cockroachdb/cockroach/blob/HEAD/vendor/github.com/axiomhq/hyperloglog/LICENSE,MIT
github.com/beorn7/perks/quantile,https://github.com/cockroachdb/cockroach/blob/HEAD/vendor/github.com/beorn7/perks/LICENSE,MIT
github.com/biogo/store/llrb,https://github.com/cockroachdb/cockroach/blob/HEAD/vendor/github.com/biogo/store/LICENSE,BSD-3-Clause
github.com/cenkalti/backoff,https://github.com/cockroachdb/cockroach/blob/HEAD/vendor/github.com/cenkalti/backoff/LICENSE,MIT
github.com/cenkalti/backoff/v4,https://github.com/cockroachdb/cockroach/blob/HEAD/vendor/github.com/cenkalti/backoff/v4/LICENSE,MIT
github.com/cespare/xxhash/v2,https://github.com/cockroachdb/cockroach/blob/HEAD/vendor/github.com/cespare/xxhash/v2/LICENSE.txt,MIT
github.com/cockroachdb/apd/v3,https://github.com/cockroachdb/cockroach/blob/HEAD/vendor/github.com/cockroachdb/apd/v3/LICENSE,Apache-2.0
github.com/cockroachdb/circuitbreaker,https://github.com/cockroachdb/cockroach/blob/HEAD/vendor/github.com/cockroachdb/circuitbreaker/LICENSE,MIT
github.com/cockroachdb/cmux,https://github.com/cockroachdb/cockroach/blob/HEAD/vendor/github.com/cockroachdb/cmux/LICENSE,Apache-2.0
github.com/cockroachdb/cockroach-go/v2/crdb,https://github.com/cockroachdb/cockroach/blob/HEAD/vendor/github.com/cockroachdb/cockroach-go/v2/LICENSE,Apache-2.0
github.com/cockroachdb/cockroach/build/bazelutil/whereis,Unknown,Unknown
github.com/cockroachdb/cockroach/pkg/acceptance,Unknown,Unknown
github.com/cockroachdb/cockroach/pkg/acceptance/cluster,Unknown,Unknown
github.com/cockroachdb/cockroach/pkg/acceptance/compose/gss/psql,Unknown,Unknown
github.com/cockroachdb/cockroach/pkg/acceptance/localcluster,Unknown,Unknown
github.com/cockroachdb/cockroach/pkg/acceptance/localcluster/tc,Unknown,Unknown
github.com/cockroachdb/cockroach/pkg/base,Unknown,Unknown
github.com/cockroachdb/cockroach/pkg/bench,Unknown,Unknown
github.com/cockroachdb/cockroach/pkg/bench/cmd/pgbenchsetup,Unknown,Unknown
github.com/cockroachdb/cockroach/pkg/bench/rttanalysis,Unknown,Unknown
github.com/cockroachdb/cockroach/pkg/bench/tpcc,Unknown,Unknown
github.com/cockroachdb/cockroach/pkg/blobs,Unknown,Unknown
github.com/cockroachdb/cockroach/pkg/build,Unknown,Unknown
github.com/cockroachdb/cockroach/pkg/build/bazel,Unknown,Unknown
github.com/cockroachdb/cockroach/pkg/build/util,Unknown,Unknown
github.com/cockroachdb/cockroach/pkg/ccl,Unknown,Unknown
github.com/cockroachdb/cockroach/pkg/ccl/backupccl,Unknown,Unknown
github.com/cockroachdb/cockroach/pkg/ccl/backupccl/backupresolver,Unknown,Unknown
github.com/cockroachdb/cockroach/pkg/ccl/baseccl,Unknown,Unknown
github.com/cockroachdb/cockroach/pkg/ccl/buildccl,Unknown,Unknown
github.com/cockroachdb/cockroach/pkg/ccl/changefeedccl,Unknown,Unknown
github.com/cockroachdb/cockroach/pkg/ccl/changefeedccl/cdctest,Unknown,Unknown
github.com/cockroachdb/cockroach/pkg/ccl/changefeedccl/cdcutils,Unknown,Unknown
github.com/cockroachdb/cockroach/pkg/ccl/changefeedccl/changefeedbase,Unknown,Unknown
github.com/cockroachdb/cockroach/pkg/ccl/changefeedccl/changefeeddist,Unknown,Unknown
github.com/cockroachdb/cockroach/pkg/ccl/changefeedccl/kvevent,Unknown,Unknown
github.com/cockroachdb/cockroach/pkg/ccl/changefeedccl/kvfeed,Unknown,Unknown
github.com/cockroachdb/cockroach/pkg/ccl/changefeedccl/schemafeed,Unknown,Unknown
github.com/cockroachdb/cockroach/pkg/ccl/changefeedccl/schemafeed/schematestutils,Unknown,Unknown
github.com/cockroachdb/cockroach/pkg/ccl/cliccl,Unknown,Unknown
github.com/cockroachdb/cockroach/pkg/ccl/cliccl/cliflagsccl,Unknown,Unknown
github.com/cockroachdb/cockroach/pkg/ccl/cmdccl/enc_utils,Unknown,Unknown
github.com/cockroachdb/cockroach/pkg/ccl/cmdccl/stub-schema-registry,Unknown,Unknown
github.com/cockroachdb/cockroach/pkg/ccl/gssapiccl,Unknown,Unknown
github.com/cockroachdb/cockroach/pkg/ccl/kvccl,Unknown,Unknown
github.com/cockroachdb/cockroach/pkg/ccl/kvccl/kvfollowerreadsccl,Unknown,Unknown
github.com/cockroachdb/cockroach/pkg/ccl/kvccl/kvtenantccl,Unknown,Unknown
github.com/cockroachdb/cockroach/pkg/ccl/logictestccl,Unknown,Unknown
github.com/cockroachdb/cockroach/pkg/ccl/multiregionccl,Unknown,Unknown
github.com/cockroachdb/cockroach/pkg/ccl/multiregionccl/multiregionccltestutils,Unknown,Unknown
github.com/cockroachdb/cockroach/pkg/ccl/multitenantccl,Unknown,Unknown
github.com/cockroachdb/cockroach/pkg/ccl/multitenantccl/tenantcostclient,Unknown,Unknown
github.com/cockroachdb/cockroach/pkg/ccl/multitenantccl/tenantcostserver,Unknown,Unknown
github.com/cockroachdb/cockroach/pkg/ccl/multitenantccl/tenantcostserver/tenanttokenbucket,Unknown,Unknown
github.com/cockroachdb/cockroach/pkg/ccl/oidcccl,Unknown,Unknown
github.com/cockroachdb/cockroach/pkg/ccl/partitionccl,Unknown,Unknown
github.com/cockroachdb/cockroach/pkg/ccl/schemachangerccl,Unknown,Unknown
github.com/cockroachdb/cockroach/pkg/ccl/serverccl,Unknown,Unknown
github.com/cockroachdb/cockroach/pkg/ccl/serverccl/statusccl,Unknown,Unknown
github.com/cockroachdb/cockroach/pkg/ccl/sqlproxyccl,Unknown,Unknown
github.com/cockroachdb/cockroach/pkg/ccl/sqlproxyccl/balancer,Unknown,Unknown
github.com/cockroachdb/cockroach/pkg/ccl/sqlproxyccl/denylist,Unknown,Unknown
github.com/cockroachdb/cockroach/pkg/ccl/sqlproxyccl/idle,Unknown,Unknown
github.com/cockroachdb/cockroach/pkg/ccl/sqlproxyccl/interceptor,Unknown,Unknown
github.com/cockroachdb/cockroach/pkg/ccl/sqlproxyccl/tenant,Unknown,Unknown
github.com/cockroachdb/cockroach/pkg/ccl/sqlproxyccl/tenantdirsvr,Unknown,Unknown
github.com/cockroachdb/cockroach/pkg/ccl/sqlproxyccl/throttler,Unknown,Unknown
github.com/cockroachdb/cockroach/pkg/ccl/storageccl,Unknown,Unknown
github.com/cockroachdb/cockroach/pkg/ccl/storageccl/engineccl,Unknown,Unknown
github.com/cockroachdb/cockroach/pkg/ccl/streamingccl,Unknown,Unknown
github.com/cockroachdb/cockroach/pkg/ccl/streamingccl/streamclient,Unknown,Unknown
github.com/cockroachdb/cockroach/pkg/ccl/streamingccl/streamingest,Unknown,Unknown
github.com/cockroachdb/cockroach/pkg/ccl/streamingccl/streamingtest,Unknown,Unknown
github.com/cockroachdb/cockroach/pkg/ccl/streamingccl/streampb,Unknown,Unknown
github.com/cockroachdb/cockroach/pkg/ccl/streamingccl/streamproducer,Unknown,Unknown
github.com/cockroachdb/cockroach/pkg/ccl/testutilsccl,Unknown,Unknown
github.com/cockroachdb/cockroach/pkg/ccl/utilccl,Unknown,Unknown
github.com/cockroachdb/cockroach/pkg/ccl/utilccl/licenseccl,Unknown,Unknown
github.com/cockroachdb/cockroach/pkg/ccl/utilccl/sampledataccl,Unknown,Unknown
github.com/cockroachdb/cockroach/pkg/ccl/workloadccl,Unknown,Unknown
github.com/cockroachdb/cockroach/pkg/ccl/workloadccl/allccl,Unknown,Unknown
github.com/cockroachdb/cockroach/pkg/ccl/workloadccl/cliccl,Unknown,Unknown
github.com/cockroachdb/cockroach/pkg/ccl/workloadccl/roachmartccl,Unknown,Unknown
github.com/cockroachdb/cockroach/pkg/cli,Unknown,Unknown
github.com/cockroachdb/cockroach/pkg/cli/clicfg,Unknown,Unknown
github.com/cockroachdb/cockroach/pkg/cli/clierror,Unknown,Unknown
github.com/cockroachdb/cockroach/pkg/cli/clierrorplus,Unknown,Unknown
github.com/cockroachdb/cockroach/pkg/cli/cliflags,Unknown,Unknown
github.com/cockroachdb/cockroach/pkg/cli/clisqlcfg,Unknown,Unknown
github.com/cockroachdb/cockroach/pkg/cli/clisqlclient,Unknown,Unknown
github.com/cockroachdb/cockroach/pkg/cli/clisqlexec,Unknown,Unknown
github.com/cockroachdb/cockroach/pkg/cli/clisqlshell,Unknown,Unknown
github.com/cockroachdb/cockroach/pkg/cli/democluster,Unknown,Unknown
github.com/cockroachdb/cockroach/pkg/cli/democluster/api,Unknown,Unknown
github.com/cockroachdb/cockroach/pkg/cli/exit,Unknown,Unknown
github.com/cockroachdb/cockroach/pkg/cli/syncbench,Unknown,Unknown
github.com/cockroachdb/cockroach/pkg/cloud,Unknown,Unknown
github.com/cockroachdb/cockroach/pkg/cloud/amazon,Unknown,Unknown
github.com/cockroachdb/cockroach/pkg/cloud/azure,Unknown,Unknown
github.com/cockroachdb/cockroach/pkg/cloud/cloudtestutils,Unknown,Unknown
github.com/cockroachdb/cockroach/pkg/cloud/gcp,Unknown,Unknown
github.com/cockroachdb/cockroach/pkg/cloud/httpsink,Unknown,Unknown
github.com/cockroachdb/cockroach/pkg/cloud/impl,Unknown,Unknown
github.com/cockroachdb/cockroach/pkg/cloud/nodelocal,Unknown,Unknown
github.com/cockroachdb/cockroach/pkg/cloud/nullsink,Unknown,Unknown
github.com/cockroachdb/cockroach/pkg/cloud/userfile,Unknown,Unknown
github.com/cockroachdb/cockroach/pkg/cloud/userfile/filetable,Unknown,Unknown
github.com/cockroachdb/cockroach/pkg/clusterversion,Unknown,Unknown
github.com/cockroachdb/cockroach/pkg/cmd/allocsim,Unknown,Unknown
github.com/cockroachdb/cockroach/pkg/cmd/bazci,Unknown,Unknown
github.com/cockroachdb/cockroach/pkg/cmd/cmdutil,Unknown,Unknown
github.com/cockroachdb/cockroach/pkg/cmd/cmp-protocol,Unknown,Unknown
github.com/cockroachdb/cockroach/pkg/cmd/cmp-protocol/pgconnect,Unknown,Unknown
github.com/cockroachdb/cockroach/pkg/cmd/cmp-sql,Unknown,Unknown
github.com/cockroachdb/cockroach/pkg/cmd/cmpconn,Unknown,Unknown
github.com/cockroachdb/cockroach/pkg/cmd/cockroach,Unknown,Unknown
github.com/cockroachdb/cockroach/pkg/cmd/cockroach-oss,Unknown,Unknown
github.com/cockroachdb/cockroach/pkg/cmd/cockroach-short,Unknown,Unknown
github.com/cockroachdb/cockroach/pkg/cmd/cockroach-sql,Unknown,Unknown
github.com/cockroachdb/cockroach/pkg/cmd/cr2pg,Unknown,Unknown
github.com/cockroachdb/cockroach/pkg/cmd/cr2pg/sqlstream,Unknown,Unknown
github.com/cockroachdb/cockroach/pkg/cmd/dev,Unknown,Unknown
github.com/cockroachdb/cockroach/pkg/cmd/dev/io/exec,Unknown,Unknown
github.com/cockroachdb/cockroach/pkg/cmd/dev/io/os,Unknown,Unknown
github.com/cockroachdb/cockroach/pkg/cmd/docgen,Unknown,Unknown
github.com/cockroachdb/cockroach/pkg/cmd/docgen/extract,Unknown,Unknown
github.com/cockroachdb/cockroach/pkg/cmd/fuzz,Unknown,Unknown
github.com/cockroachdb/cockroach/pkg/cmd/generate-binary,Unknown,Unknown
github.com/cockroachdb/cockroach/pkg/cmd/generate-metadata-tables,Unknown,Unknown
github.com/cockroachdb/cockroach/pkg/cmd/generate-metadata-tables/rdbms,Unknown,Unknown
github.com/cockroachdb/cockroach/pkg/cmd/generate-spatial-ref-sys,Unknown,Unknown
github.com/cockroachdb/cockroach/pkg/cmd/generate-staticcheck,Unknown,Unknown
github.com/cockroachdb/cockroach/pkg/cmd/generate-test-suites,Unknown,Unknown
github.com/cockroachdb/cockroach/pkg/cmd/geoviz,Unknown,Unknown
github.com/cockroachdb/cockroach/pkg/cmd/github-post,Unknown,Unknown
github.com/cockroachdb/cockroach/pkg/cmd/github-pull-request-make,Unknown,Unknown
github.com/cockroachdb/cockroach/pkg/cmd/gossipsim,Unknown,Unknown
github.com/cockroachdb/cockroach/pkg/cmd/import-tools,Unknown,Unknown
github.com/cockroachdb/cockroach/pkg/cmd/internal/issues,Unknown,Unknown
github.com/cockroachdb/cockroach/pkg/cmd/label-merged-pr,Unknown,Unknown
github.com/cockroachdb/cockroach/pkg/cmd/mirror,Unknown,Unknown
github.com/cockroachdb/cockroach/pkg/cmd/prereqs,Unknown,Unknown
github.com/cockroachdb/cockroach/pkg/cmd/protoc-gen-gogoroach,Unknown,Unknown
github.com/cockroachdb/cockroach/pkg/cmd/publish-artifacts,Unknown,Unknown
github.com/cockroachdb/cockroach/pkg/cmd/publish-provisional-artifacts,Unknown,Unknown
github.com/cockroachdb/cockroach/pkg/cmd/reduce,Unknown,Unknown
github.com/cockroachdb/cockroach/pkg/cmd/reduce/reduce,Unknown,Unknown
github.com/cockroachdb/cockroach/pkg/cmd/reduce/reduce/reducesql,Unknown,Unknown
github.com/cockroachdb/cockroach/pkg/cmd/release,Unknown,Unknown
github.com/cockroachdb/cockroach/pkg/cmd/returncheck,Unknown,Unknown
github.com/cockroachdb/cockroach/pkg/cmd/roachprod,Unknown,Unknown
github.com/cockroachdb/cockroach/pkg/cmd/roachprod-stress,Unknown,Unknown
github.com/cockroachdb/cockroach/pkg/cmd/roachtest,Unknown,Unknown
github.com/cockroachdb/cockroach/pkg/cmd/roachtest/cluster,Unknown,Unknown
github.com/cockroachdb/cockroach/pkg/cmd/roachtest/option,Unknown,Unknown
github.com/cockroachdb/cockroach/pkg/cmd/roachtest/prometheus,Unknown,Unknown
github.com/cockroachdb/cockroach/pkg/cmd/roachtest/registry,Unknown,Unknown
github.com/cockroachdb/cockroach/pkg/cmd/roachtest/spec,Unknown,Unknown
github.com/cockroachdb/cockroach/pkg/cmd/roachtest/test,Unknown,Unknown
github.com/cockroachdb/cockroach/pkg/cmd/roachtest/tests,Unknown,Unknown
github.com/cockroachdb/cockroach/pkg/cmd/roachvet,Unknown,Unknown
github.com/cockroachdb/cockroach/pkg/cmd/skip-test,Unknown,Unknown
github.com/cockroachdb/cockroach/pkg/cmd/skiperrs,Unknown,Unknown
github.com/cockroachdb/cockroach/pkg/cmd/skipped-tests,Unknown,Unknown
github.com/cockroachdb/cockroach/pkg/cmd/smithcmp,Unknown,Unknown
github.com/cockroachdb/cockroach/pkg/cmd/smithtest,Unknown,Unknown
github.com/cockroachdb/cockroach/pkg/cmd/teamcity-trigger,Unknown,Unknown
github.com/cockroachdb/cockroach/pkg/cmd/testfilter,Unknown,Unknown
github.com/cockroachdb/cockroach/pkg/cmd/uptodate,Unknown,Unknown
github.com/cockroachdb/cockroach/pkg/cmd/urlcheck,Unknown,Unknown
github.com/cockroachdb/cockroach/pkg/cmd/urlcheck/lib/urlcheck,Unknown,Unknown
github.com/cockroachdb/cockroach/pkg/cmd/whoownsit,Unknown,Unknown
github.com/cockroachdb/cockroach/pkg/cmd/workload,Unknown,Unknown
github.com/cockroachdb/cockroach/pkg/cmd/wraprules,Unknown,Unknown
github.com/cockroachdb/cockroach/pkg/cmd/zerosum,Unknown,Unknown
github.com/cockroachdb/cockroach/pkg/col/coldata,Unknown,Unknown
github.com/cockroachdb/cockroach/pkg/col/coldataext,Unknown,Unknown
github.com/cockroachdb/cockroach/pkg/col/coldatatestutils,Unknown,Unknown
github.com/cockroachdb/cockroach/pkg/col/colserde,Unknown,Unknown
github.com/cockroachdb/cockroach/pkg/col/colserde/arrowserde,Unknown,Unknown
github.com/cockroachdb/cockroach/pkg/col/typeconv,Unknown,Unknown
github.com/cockroachdb/cockroach/pkg/compose,Unknown,Unknown
github.com/cockroachdb/cockroach/pkg/compose/compare/compare,Unknown,Unknown
github.com/cockroachdb/cockroach/pkg/config,Unknown,Unknown
github.com/cockroachdb/cockroach/pkg/config/zonepb,Unknown,Unknown
github.com/cockroachdb/cockroach/pkg/docs,Unknown,Unknown
github.com/cockroachdb/cockroach/pkg/featureflag,Unknown,Unknown
github.com/cockroachdb/cockroach/pkg/gen/genbzl,Unknown,Unknown
github.com/cockroachdb/cockroach/pkg/geo,Unknown,Unknown
github.com/cockroachdb/cockroach/pkg/geo/geodist,Unknown,Unknown
github.com/cockroachdb/cockroach/pkg/geo/geogen,Unknown,Unknown
github.com/cockroachdb/cockroach/pkg/geo/geogfn,Unknown,Unknown
github.com/cockroachdb/cockroach/pkg/geo/geographiclib,Unknown,Unknown
github.com/cockroachdb/cockroach/pkg/geo/geoindex,Unknown,Unknown
github.com/cockroachdb/cockroach/pkg/geo/geomfn,Unknown,Unknown
github.com/cockroachdb/cockroach/pkg/geo/geopb,Unknown,Unknown
github.com/cockroachdb/cockroach/pkg/geo/geoproj,Unknown,Unknown
github.com/cockroachdb/cockroach/pkg/geo/geoprojbase,Unknown,Unknown
github.com/cockroachdb/cockroach/pkg/geo/geoprojbase/embeddedproj,Unknown,Unknown
github.com/cockroachdb/cockroach/pkg/geo/geos,Unknown,Unknown
github.com/cockroachdb/cockroach/pkg/geo/geosegmentize,Unknown,Unknown
github.com/cockroachdb/cockroach/pkg/geo/geotransform,Unknown,Unknown
github.com/cockroachdb/cockroach/pkg/geo/twkb,Unknown,Unknown
github.com/cockroachdb/cockroach/pkg/gossip,Unknown,Unknown
github.com/cockroachdb/cockroach/pkg/gossip/simulation,Unknown,Unknown
github.com/cockroachdb/cockroach/pkg/internal/client/requestbatcher,Unknown,Unknown
github.com/cockroachdb/cockroach/pkg/internal/codeowners,Unknown,Unknown
github.com/cockroachdb/cockroach/pkg/internal/reporoot,Unknown,Unknown
github.com/cockroachdb/cockroach/pkg/internal/rsg,Unknown,Unknown
github.com/cockroachdb/cockroach/pkg/internal/rsg/yacc,Unknown,Unknown
github.com/cockroachdb/cockroach/pkg/internal/sqlsmith,Unknown,Unknown
github.com/cockroachdb/cockroach/pkg/internal/team,Unknown,Unknown
github.com/cockroachdb/cockroach/pkg/jobs,Unknown,Unknown
github.com/cockroachdb/cockroach/pkg/jobs/joberror,Unknown,Unknown
github.com/cockroachdb/cockroach/pkg/jobs/jobspb,Unknown,Unknown
github.com/cockroachdb/cockroach/pkg/jobs/jobsprotectedts,Unknown,Unknown
github.com/cockroachdb/cockroach/pkg/jobs/jobstest,Unknown,Unknown
github.com/cockroachdb/cockroach/pkg/keys,Unknown,Unknown
github.com/cockroachdb/cockroach/pkg/keysbase,Unknown,Unknown
github.com/cockroachdb/cockroach/pkg/kv,Unknown,Unknown
github.com/cockroachdb/cockroach/pkg/kv/bulk,Unknown,Unknown
github.com/cockroachdb/cockroach/pkg/kv/kvbase,Unknown,Unknown
github.com/cockroachdb/cockroach/pkg/kv/kvclient,Unknown,Unknown
github.com/cockroachdb/cockroach/pkg/kv/kvclient/kvcoord,Unknown,Unknown
github.com/cockroachdb/cockroach/pkg/kv/kvclient/kvtenant,Unknown,Unknown
github.com/cockroachdb/cockroach/pkg/kv/kvclient/rangecache,Unknown,Unknown
github.com/cockroachdb/cockroach/pkg/kv/kvclient/rangecache/rangecachemock,Unknown,Unknown
github.com/cockroachdb/cockroach/pkg/kv/kvclient/rangefeed,Unknown,Unknown
github.com/cockroachdb/cockroach/pkg/kv/kvclient/rangefeed/rangefeedbuffer,Unknown,Unknown
github.com/cockroachdb/cockroach/pkg/kv/kvclient/rangefeed/rangefeedcache,Unknown,Unknown
github.com/cockroachdb/cockroach/pkg/kv/kvnemesis,Unknown,Unknown
github.com/cockroachdb/cockroach/pkg/kv/kvprober,Unknown,Unknown
github.com/cockroachdb/cockroach/pkg/kv/kvserver,Unknown,Unknown
github.com/cockroachdb/cockroach/pkg/kv/kvserver/abortspan,Unknown,Unknown
github.com/cockroachdb/cockroach/pkg/kv/kvserver/apply,Unknown,Unknown
github.com/cockroachdb/cockroach/pkg/kv/kvserver/asim,Unknown,Unknown
github.com/cockroachdb/cockroach/pkg/kv/kvserver/batcheval,Unknown,Unknown
github.com/cockroachdb/cockroach/pkg/kv/kvserver/batcheval/result,Unknown,Unknown
github.com/cockroachdb/cockroach/pkg/kv/kvserver/closedts,Unknown,Unknown
github.com/cockroachdb/cockroach/pkg/kv/kvserver/closedts/ctpb,Unknown,Unknown
github.com/cockroachdb/cockroach/pkg/kv/kvserver/closedts/sidetransport,Unknown,Unknown
github.com/cockroachdb/cockroach/pkg/kv/kvserver/closedts/tracker,Unknown,Unknown
github.com/cockroachdb/cockroach/pkg/kv/kvserver/concurrency,Unknown,Unknown
github.com/cockroachdb/cockroach/pkg/kv/kvserver/concurrency/lock,Unknown,Unknown
github.com/cockroachdb/cockroach/pkg/kv/kvserver/concurrency/poison,Unknown,Unknown
github.com/cockroachdb/cockroach/pkg/kv/kvserver/constraint,Unknown,Unknown
github.com/cockroachdb/cockroach/pkg/kv/kvserver/diskmap,Unknown,Unknown
github.com/cockroachdb/cockroach/pkg/kv/kvserver/gc,Unknown,Unknown
github.com/cockroachdb/cockroach/pkg/kv/kvserver/idalloc,Unknown,Unknown
github.com/cockroachdb/cockroach/pkg/kv/kvserver/intentresolver,Unknown,Unknown
github.com/cockroachdb/cockroach/pkg/kv/kvserver/kvserverbase,Unknown,Unknown
github.com/cockroachdb/cockroach/pkg/kv/kvserver/kvserverpb,Unknown,Unknown
github.com/cockroachdb/cockroach/pkg/kv/kvserver/liveness,Unknown,Unknown
github.com/cockroachdb/cockroach/pkg/kv/kvserver/liveness/livenesspb,Unknown,Unknown
github.com/cockroachdb/cockroach/pkg/kv/kvserver/loqrecovery,Unknown,Unknown
github.com/cockroachdb/cockroach/pkg/kv/kvserver/loqrecovery/loqrecoverypb,Unknown,Unknown
github.com/cockroachdb/cockroach/pkg/kv/kvserver/protectedts,Unknown,Unknown
github.com/cockroachdb/cockroach/pkg/kv/kvserver/protectedts/ptcache,Unknown,Unknown
github.com/cockroachdb/cockroach/pkg/kv/kvserver/protectedts/ptpb,Unknown,Unknown
github.com/cockroachdb/cockroach/pkg/kv/kvserver/protectedts/ptprovider,Unknown,Unknown
github.com/cockroachdb/cockroach/pkg/kv/kvserver/protectedts/ptreconcile,Unknown,Unknown
github.com/cockroachdb/cockroach/pkg/kv/kvserver/protectedts/ptstorage,Unknown,Unknown
github.com/cockroachdb/cockroach/pkg/kv/kvserver/protectedts/ptutil,Unknown,Unknown
github.com/cockroachdb/cockroach/pkg/kv/kvserver/raftentry,Unknown,Unknown
github.com/cockroachdb/cockroach/pkg/kv/kvserver/rangefeed,Unknown,Unknown
github.com/cockroachdb/cockroach/pkg/kv/kvserver/rditer,Unknown,Unknown
github.com/cockroachdb/cockroach/pkg/kv/kvserver/readsummary,Unknown,Unknown
github.com/cockroachdb/cockroach/pkg/kv/kvserver/readsummary/rspb,Unknown,Unknown
github.com/cockroachdb/cockroach/pkg/kv/kvserver/reports,Unknown,Unknown
github.com/cockroachdb/cockroach/pkg/kv/kvserver/spanlatch,Unknown,Unknown
github.com/cockroachdb/cockroach/pkg/kv/kvserver/spanset,Unknown,Unknown
github.com/cockroachdb/cockroach/pkg/kv/kvserver/split,Unknown,Unknown
github.com/cockroachdb/cockroach/pkg/kv/kvserver/stateloader,Unknown,Unknown
github.com/cockroachdb/cockroach/pkg/kv/kvserver/tenantrate,Unknown,Unknown
github.com/cockroachdb/cockroach/pkg/kv/kvserver/tscache,Unknown,Unknown
github.com/cockroachdb/cockroach/pkg/kv/kvserver/txnrecovery,Unknown,Unknown
github.com/cockroachdb/cockroach/pkg/kv/kvserver/txnwait,Unknown,Unknown
github.com/cockroachdb/cockroach/pkg/kv/kvserver/uncertainty,Unknown,Unknown
github.com/cockroachdb/cockroach/pkg/migration,Unknown,Unknown
github.com/cockroachdb/cockroach/pkg/migration/migrationcluster,Unknown,Unknown
github.com/cockroachdb/cockroach/pkg/migration/migrationjob,Unknown,Unknown
github.com/cockroachdb/cockroach/pkg/migration/migrationmanager,Unknown,Unknown
github.com/cockroachdb/cockroach/pkg/migration/migrations,Unknown,Unknown
github.com/cockroachdb/cockroach/pkg/migration/nodelivenesstest,Unknown,Unknown
github.com/cockroachdb/cockroach/pkg/multitenant,Unknown,Unknown
github.com/cockroachdb/cockroach/pkg/multitenant/tenantcostmodel,Unknown,Unknown
github.com/cockroachdb/cockroach/pkg/release,Unknown,Unknown
github.com/cockroachdb/cockroach/pkg/roachpb,Unknown,Unknown
github.com/cockroachdb/cockroach/pkg/roachpb/gen,Unknown,Unknown
github.com/cockroachdb/cockroach/pkg/roachpb/roachpbmock,Unknown,Unknown
github.com/cockroachdb/cockroach/pkg/roachprod,Unknown,Unknown
github.com/cockroachdb/cockroach/pkg/roachprod/cloud,Unknown,Unknown
github.com/cockroachdb/cockroach/pkg/roachprod/config,Unknown,Unknown
github.com/cockroachdb/cockroach/pkg/roachprod/errors,Unknown,Unknown
github.com/cockroachdb/cockroach/pkg/roachprod/install,Unknown,Unknown
github.com/cockroachdb/cockroach/pkg/roachprod/logger,Unknown,Unknown
github.com/cockroachdb/cockroach/pkg/roachprod/ssh,Unknown,Unknown
github.com/cockroachdb/cockroach/pkg/roachprod/ui,Unknown,Unknown
github.com/cockroachdb/cockroach/pkg/roachprod/vm,Unknown,Unknown
github.com/cockroachdb/cockroach/pkg/roachprod/vm/aws,Unknown,Unknown
github.com/cockroachdb/cockroach/pkg/roachprod/vm/aws/terraformgen,Unknown,Unknown
github.com/cockroachdb/cockroach/pkg/roachprod/vm/azure,Unknown,Unknown
github.com/cockroachdb/cockroach/pkg/roachprod/vm/flagstub,Unknown,Unknown
github.com/cockroachdb/cockroach/pkg/roachprod/vm/gce,Unknown,Unknown
github.com/cockroachdb/cockroach/pkg/roachprod/vm/local,Unknown,Unknown
github.com/cockroachdb/cockroach/pkg/rpc,Unknown,Unknown
github.com/cockroachdb/cockroach/pkg/rpc/nodedialer,Unknown,Unknown
github.com/cockroachdb/cockroach/pkg/scheduledjobs,Unknown,Unknown
github.com/cockroachdb/cockroach/pkg/security,Unknown,Unknown
github.com/cockroachdb/cockroach/pkg/security/certmgr,Unknown,Unknown
github.com/cockroachdb/cockroach/pkg/security/pprompt,Unknown,Unknown
github.com/cockroachdb/cockroach/pkg/security/securitytest,Unknown,Unknown
github.com/cockroachdb/cockroach/pkg/security/sessionrevival,Unknown,Unknown
github.com/cockroachdb/cockroach/pkg/server,Unknown,Unknown
github.com/cockroachdb/cockroach/pkg/server/debug,Unknown,Unknown
github.com/cockroachdb/cockroach/pkg/server/debug/goroutineui,Unknown,Unknown
github.com/cockroachdb/cockroach/pkg/server/debug/pprofui,Unknown,Unknown
github.com/cockroachdb/cockroach/pkg/server/diagnostics,Unknown,Unknown
github.com/cockroachdb/cockroach/pkg/server/dumpstore,Unknown,Unknown
github.com/cockroachdb/cockroach/pkg/server/goroutinedumper,Unknown,Unknown
github.com/cockroachdb/cockroach/pkg/server/heapprofiler,Unknown,Unknown
github.com/cockroachdb/cockroach/pkg/server/pgurl,Unknown,Unknown
github.com/cockroachdb/cockroach/pkg/server/serverpb,Unknown,Unknown
github.com/cockroachdb/cockroach/pkg/server/settingswatcher,Unknown,Unknown
github.com/cockroachdb/cockroach/pkg/server/status,Unknown,Unknown
github.com/cockroachdb/cockroach/pkg/server/systemconfigwatcher,Unknown,Unknown
github.com/cockroachdb/cockroach/pkg/server/systemconfigwatcher/systemconfigwatchertest,Unknown,Unknown
github.com/cockroachdb/cockroach/pkg/server/telemetry,Unknown,Unknown
github.com/cockroachdb/cockroach/pkg/server/tenantsettingswatcher,Unknown,Unknown
github.com/cockroachdb/cockroach/pkg/server/tracedumper,Unknown,Unknown
github.com/cockroachdb/cockroach/pkg/settings,Unknown,Unknown
github.com/cockroachdb/cockroach/pkg/settings/cluster,Unknown,Unknown
github.com/cockroachdb/cockroach/pkg/spanconfig,Unknown,Unknown
github.com/cockroachdb/cockroach/pkg/spanconfig/spanconfigjob,Unknown,Unknown
github.com/cockroachdb/cockroach/pkg/spanconfig/spanconfigkvaccessor,Unknown,Unknown
github.com/cockroachdb/cockroach/pkg/spanconfig/spanconfigkvsubscriber,Unknown,Unknown
github.com/cockroachdb/cockroach/pkg/spanconfig/spanconfiglimiter,Unknown,Unknown
github.com/cockroachdb/cockroach/pkg/spanconfig/spanconfigmanager,Unknown,Unknown
github.com/cockroachdb/cockroach/pkg/spanconfig/spanconfigptsreader,Unknown,Unknown
github.com/cockroachdb/cockroach/pkg/spanconfig/spanconfigreconciler,Unknown,Unknown
github.com/cockroachdb/cockroach/pkg/spanconfig/spanconfigsplitter,Unknown,Unknown
github.com/cockroachdb/cockroach/pkg/spanconfig/spanconfigsqltranslator,Unknown,Unknown
github.com/cockroachdb/cockroach/pkg/spanconfig/spanconfigsqlwatcher,Unknown,Unknown
github.com/cockroachdb/cockroach/pkg/spanconfig/spanconfigstore,Unknown,Unknown
github.com/cockroachdb/cockroach/pkg/spanconfig/spanconfigtestutils,Unknown,Unknown
github.com/cockroachdb/cockroach/pkg/spanconfig/spanconfigtestutils/spanconfigtestcluster,Unknown,Unknown
github.com/cockroachdb/cockroach/pkg/sql,Unknown,Unknown
github.com/cockroachdb/cockroach/pkg/sql/backfill,Unknown,Unknown
github.com/cockroachdb/cockroach/pkg/sql/catalog,Unknown,Unknown
github.com/cockroachdb/cockroach/pkg/sql/catalog/bootstrap,Unknown,Unknown
github.com/cockroachdb/cockroach/pkg/sql/catalog/catalogkeys,Unknown,Unknown
github.com/cockroachdb/cockroach/pkg/sql/catalog/catconstants,Unknown,Unknown
github.com/cockroachdb/cockroach/pkg/sql/catalog/catformat,Unknown,Unknown
github.com/cockroachdb/cockroach/pkg/sql/catalog/catpb,Unknown,Unknown
github.com/cockroachdb/cockroach/pkg/sql/catalog/catprivilege,Unknown,Unknown
github.com/cockroachdb/cockroach/pkg/sql/catalog/colinfo,Unknown,Unknown
github.com/cockroachdb/cockroach/pkg/sql/catalog/colinfo/colinfotestutils,Unknown,Unknown
github.com/cockroachdb/cockroach/pkg/sql/catalog/dbdesc,Unknown,Unknown
github.com/cockroachdb/cockroach/pkg/sql/catalog/descbuilder,Unknown,Unknown
github.com/cockroachdb/cockroach/pkg/sql/catalog/descidgen,Unknown,Unknown
github.com/cockroachdb/cockroach/pkg/sql/catalog/descpb,Unknown,Unknown
github.com/cockroachdb/cockroach/pkg/sql/catalog/descs,Unknown,Unknown
github.com/cockroachdb/cockroach/pkg/sql/catalog/desctestutils,Unknown,Unknown
github.com/cockroachdb/cockroach/pkg/sql/catalog/hydratedtables,Unknown,Unknown
github.com/cockroachdb/cockroach/pkg/sql/catalog/ingesting,Unknown,Unknown
github.com/cockroachdb/cockroach/pkg/sql/catalog/internal/catkv,Unknown,Unknown
github.com/cockroachdb/cockroach/pkg/sql/catalog/internal/validate,Unknown,Unknown
github.com/cockroachdb/cockroach/pkg/sql/catalog/lease,Unknown,Unknown
github.com/cockroachdb/cockroach/pkg/sql/catalog/multiregion,Unknown,Unknown
github.com/cockroachdb/cockroach/pkg/sql/catalog/nstree,Unknown,Unknown
github.com/cockroachdb/cockroach/pkg/sql/catalog/resolver,Unknown,Unknown
github.com/cockroachdb/cockroach/pkg/sql/catalog/rewrite,Unknown,Unknown
github.com/cockroachdb/cockroach/pkg/sql/catalog/schemadesc,Unknown,Unknown
github.com/cockroachdb/cockroach/pkg/sql/catalog/schemaexpr,Unknown,Unknown
github.com/cockroachdb/cockroach/pkg/sql/catalog/seqexpr,Unknown,Unknown
github.com/cockroachdb/cockroach/pkg/sql/catalog/systemschema,Unknown,Unknown
github.com/cockroachdb/cockroach/pkg/sql/catalog/tabledesc,Unknown,Unknown
github.com/cockroachdb/cockroach/pkg/sql/catalog/typedesc,Unknown,Unknown
github.com/cockroachdb/cockroach/pkg/sql/colcontainer,Unknown,Unknown
github.com/cockroachdb/cockroach/pkg/sql/colconv,Unknown,Unknown
github.com/cockroachdb/cockroach/pkg/sql/colencoding,Unknown,Unknown
github.com/cockroachdb/cockroach/pkg/sql/colexec,Unknown,Unknown
github.com/cockroachdb/cockroach/pkg/sql/colexec/colbuilder,Unknown,Unknown
github.com/cockroachdb/cockroach/pkg/sql/colexec/colexecagg,Unknown,Unknown
github.com/cockroachdb/cockroach/pkg/sql/colexec/colexecargs,Unknown,Unknown
github.com/cockroachdb/cockroach/pkg/sql/colexec/colexecbase,Unknown,Unknown
github.com/cockroachdb/cockroach/pkg/sql/colexec/colexeccmp,Unknown,Unknown
github.com/cockroachdb/cockroach/pkg/sql/colexec/colexechash,Unknown,Unknown
github.com/cockroachdb/cockroach/pkg/sql/colexec/colexecjoin,Unknown,Unknown
github.com/cockroachdb/cockroach/pkg/sql/colexec/colexecproj,Unknown,Unknown
github.com/cockroachdb/cockroach/pkg/sql/colexec/colexecprojconst,Unknown,Unknown
github.com/cockroachdb/cockroach/pkg/sql/colexec/colexecsel,Unknown,Unknown
github.com/cockroachdb/cockroach/pkg/sql/colexec/colexecspan,Unknown,Unknown
github.com/cockroachdb/cockroach/pkg/sql/colexec/colexectestutils,Unknown,Unknown
github.com/cockroachdb/cockroach/pkg/sql/colexec/colexecutils,Unknown,Unknown
github.com/cockroachdb/cockroach/pkg/sql/colexec/colexecwindow,Unknown,Unknown
github.com/cockroachdb/cockroach/pkg/sql/colexec/execgen,Unknown,Unknown
github.com/cockroachdb/cockroach/pkg/sql/colexec/execgen/cmd/execgen,Unknown,Unknown
github.com/cockroachdb/cockroach/pkg/sql/colexecerror,Unknown,Unknown
github.com/cockroachdb/cockroach/pkg/sql/colexecop,Unknown,Unknown
github.com/cockroachdb/cockroach/pkg/sql/colfetcher,Unknown,Unknown
github.com/cockroachdb/cockroach/pkg/sql/colflow,Unknown,Unknown
github.com/cockroachdb/cockroach/pkg/sql/colflow/colrpc,Unknown,Unknown
github.com/cockroachdb/cockroach/pkg/sql/colmem,Unknown,Unknown
github.com/cockroachdb/cockroach/pkg/sql/contention,Unknown,Unknown
github.com/cockroachdb/cockroach/pkg/sql/contention/contentionutils,Unknown,Unknown
github.com/cockroachdb/cockroach/pkg/sql/contention/txnidcache,Unknown,Unknown
github.com/cockroachdb/cockroach/pkg/sql/contentionpb,Unknown,Unknown
github.com/cockroachdb/cockroach/pkg/sql/covering,Unknown,Unknown
github.com/cockroachdb/cockroach/pkg/sql/delegate,Unknown,Unknown
github.com/cockroachdb/cockroach/pkg/sql/descmetadata,Unknown,Unknown
github.com/cockroachdb/cockroach/pkg/sql/distsql,Unknown,Unknown
github.com/cockroachdb/cockroach/pkg/sql/doctor,Unknown,Unknown
github.com/cockroachdb/cockroach/pkg/sql/enum,Unknown,Unknown
github.com/cockroachdb/cockroach/pkg/sql/execinfra,Unknown,Unknown
github.com/cockroachdb/cockroach/pkg/sql/execinfra/execopnode,Unknown,Unknown
github.com/cockroachdb/cockroach/pkg/sql/execinfra/execreleasable,Unknown,Unknown
github.com/cockroachdb/cockroach/pkg/sql/execinfrapb,Unknown,Unknown
github.com/cockroachdb/cockroach/pkg/sql/execstats,Unknown,Unknown
github.com/cockroachdb/cockroach/pkg/sql/faketreeeval,Unknown,Unknown
github.com/cockroachdb/cockroach/pkg/sql/flowinfra,Unknown,Unknown
github.com/cockroachdb/cockroach/pkg/sql/gcjob,Unknown,Unknown
github.com/cockroachdb/cockroach/pkg/sql/gcjob/gcjobnotifier,Unknown,Unknown
github.com/cockroachdb/cockroach/pkg/sql/idxusage,Unknown,Unknown
github.com/cockroachdb/cockroach/pkg/sql/importer,Unknown,Unknown
github.com/cockroachdb/cockroach/pkg/sql/inverted,Unknown,Unknown
github.com/cockroachdb/cockroach/pkg/sql/kvstreamer,Unknown,Unknown
github.com/cockroachdb/cockroach/pkg/sql/lex,Unknown,Unknown
github.com/cockroachdb/cockroach/pkg/sql/lexbase,Unknown,Unknown
github.com/cockroachdb/cockroach/pkg/sql/lexbase/allkeywords,Unknown,Unknown
github.com/cockroachdb/cockroach/pkg/sql/logictest,Unknown,Unknown
github.com/cockroachdb/cockroach/pkg/sql/memsize,Unknown,Unknown
github.com/cockroachdb/cockroach/pkg/sql/mutations,Unknown,Unknown
github.com/cockroachdb/cockroach/pkg/sql/oidext,Unknown,Unknown
github.com/cockroachdb/cockroach/pkg/sql/opt,Unknown,Unknown
github.com/cockroachdb/cockroach/pkg/sql/opt/bench,Unknown,Unknown
github.com/cockroachdb/cockroach/pkg/sql/opt/cat,Unknown,Unknown
github.com/cockroachdb/cockroach/pkg/sql/opt/constraint,Unknown,Unknown
github.com/cockroachdb/cockroach/pkg/sql/opt/distribution,Unknown,Unknown
github.com/cockroachdb/cockroach/pkg/sql/opt/exec,Unknown,Unknown
github.com/cockroachdb/cockroach/pkg/sql/opt/exec/execbuilder,Unknown,Unknown
github.com/cockroachdb/cockroach/pkg/sql/opt/exec/explain,Unknown,Unknown
github.com/cockroachdb/cockroach/pkg/sql/opt/idxconstraint,Unknown,Unknown
github.com/cockroachdb/cockroach/pkg/sql/opt/indexrec,Unknown,Unknown
github.com/cockroachdb/cockroach/pkg/sql/opt/invertedexpr,Unknown,Unknown
github.com/cockroachdb/cockroach/pkg/sql/opt/invertedidx,Unknown,Unknown
github.com/cockroachdb/cockroach/pkg/sql/opt/memo,Unknown,Unknown
github.com/cockroachdb/cockroach/pkg/sql/opt/norm,Unknown,Unknown
github.com/cockroachdb/cockroach/pkg/sql/opt/opbench,Unknown,Unknown
github.com/cockroachdb/cockroach/pkg/sql/opt/optbuilder,Unknown,Unknown
github.com/cockroachdb/cockroach/pkg/sql/opt/optgen/cmd/langgen,Unknown,Unknown
github.com/cockroachdb/cockroach/pkg/sql/opt/optgen/cmd/optfmt,Unknown,Unknown
github.com/cockroachdb/cockroach/pkg/sql/opt/optgen/cmd/optgen,Unknown,Unknown
github.com/cockroachdb/cockroach/pkg/sql/opt/optgen/exprgen,Unknown,Unknown
github.com/cockroachdb/cockroach/pkg/sql/opt/optgen/lang,Unknown,Unknown
github.com/cockroachdb/cockroach/pkg/sql/opt/optgen/lang/langbootstrap,Unknown,Unknown
github.com/cockroachdb/cockroach/pkg/sql/opt/ordering,Unknown,Unknown
github.com/cockroachdb/cockroach/pkg/sql/opt/partialidx,Unknown,Unknown
github.com/cockroachdb/cockroach/pkg/sql/opt/partition,Unknown,Unknown
github.com/cockroachdb/cockroach/pkg/sql/opt/props,Unknown,Unknown
github.com/cockroachdb/cockroach/pkg/sql/opt/props/physical,Unknown,Unknown
github.com/cockroachdb/cockroach/pkg/sql/opt/testutils,Unknown,Unknown
github.com/cockroachdb/cockroach/pkg/sql/opt/testutils/opttester,Unknown,Unknown
github.com/cockroachdb/cockroach/pkg/sql/opt/testutils/testcat,Unknown,Unknown
github.com/cockroachdb/cockroach/pkg/sql/opt/testutils/testexpr,Unknown,Unknown
github.com/cockroachdb/cockroach/pkg/sql/opt/xform,Unknown,Unknown
github.com/cockroachdb/cockroach/pkg/sql/optionalnodeliveness,Unknown,Unknown
github.com/cockroachdb/cockroach/pkg/sql/paramparse,Unknown,Unknown
github.com/cockroachdb/cockroach/pkg/sql/parser,Unknown,Unknown
github.com/cockroachdb/cockroach/pkg/sql/parser/fuzz,Unknown,Unknown
github.com/cockroachdb/cockroach/pkg/sql/pgwire,Unknown,Unknown
github.com/cockroachdb/cockroach/pkg/sql/pgwire/hba,Unknown,Unknown
github.com/cockroachdb/cockroach/pkg/sql/pgwire/identmap,Unknown,Unknown
github.com/cockroachdb/cockroach/pkg/sql/pgwire/pgcode,Unknown,Unknown
github.com/cockroachdb/cockroach/pkg/sql/pgwire/pgerror,Unknown,Unknown
github.com/cockroachdb/cockroach/pkg/sql/pgwire/pgnotice,Unknown,Unknown
github.com/cockroachdb/cockroach/pkg/sql/pgwire/pgwirebase,Unknown,Unknown
github.com/cockroachdb/cockroach/pkg/sql/pgwire/pgwirecancel,Unknown,Unknown
github.com/cockroachdb/cockroach/pkg/sql/physicalplan,Unknown,Unknown
github.com/cockroachdb/cockroach/pkg/sql/physicalplan/replicaoracle,Unknown,Unknown
github.com/cockroachdb/cockroach/pkg/sql/privilege,Unknown,Unknown
github.com/cockroachdb/cockroach/pkg/sql/protoreflect,Unknown,Unknown
github.com/cockroachdb/cockroach/pkg/sql/protoreflect/test,Unknown,Unknown
github.com/cockroachdb/cockroach/pkg/sql/querycache,Unknown,Unknown
github.com/cockroachdb/cockroach/pkg/sql/randgen,Unknown,Unknown
github.com/cockroachdb/cockroach/pkg/sql/roleoption,Unknown,Unknown
github.com/cockroachdb/cockroach/pkg/sql/row,Unknown,Unknown
github.com/cockroachdb/cockroach/pkg/sql/rowcontainer,Unknown,Unknown
github.com/cockroachdb/cockroach/pkg/sql/rowenc,Unknown,Unknown
github.com/cockroachdb/cockroach/pkg/sql/rowenc/keyside,Unknown,Unknown
github.com/cockroachdb/cockroach/pkg/sql/rowenc/valueside,Unknown,Unknown
github.com/cockroachdb/cockroach/pkg/sql/rowexec,Unknown,Unknown
github.com/cockroachdb/cockroach/pkg/sql/rowflow,Unknown,Unknown
github.com/cockroachdb/cockroach/pkg/sql/rowinfra,Unknown,Unknown
github.com/cockroachdb/cockroach/pkg/sql/scanner,Unknown,Unknown
github.com/cockroachdb/cockroach/pkg/sql/scheduledlogging,Unknown,Unknown
github.com/cockroachdb/cockroach/pkg/sql/schemachange,Unknown,Unknown
github.com/cockroachdb/cockroach/pkg/sql/schemachanger/rel,Unknown,Unknown
github.com/cockroachdb/cockroach/pkg/sql/schemachanger/rel/internal/comparetest,Unknown,Unknown
github.com/cockroachdb/cockroach/pkg/sql/schemachanger/rel/internal/cyclegraphtest,Unknown,Unknown
github.com/cockroachdb/cockroach/pkg/sql/schemachanger/rel/internal/entitynodetest,Unknown,Unknown
github.com/cockroachdb/cockroach/pkg/sql/schemachanger/rel/reltest,Unknown,Unknown
github.com/cockroachdb/cockroach/pkg/sql/schemachanger/scbackup,Unknown,Unknown
github.com/cockroachdb/cockroach/pkg/sql/schemachanger/scbuild,Unknown,Unknown
github.com/cockroachdb/cockroach/pkg/sql/schemachanger/scbuild/internal/scbuildstmt,Unknown,Unknown
github.com/cockroachdb/cockroach/pkg/sql/schemachanger/scdecomp,Unknown,Unknown
github.com/cockroachdb/cockroach/pkg/sql/schemachanger/scdeps,Unknown,Unknown
github.com/cockroachdb/cockroach/pkg/sql/schemachanger/scdeps/sctestdeps,Unknown,Unknown
github.com/cockroachdb/cockroach/pkg/sql/schemachanger/scdeps/sctestutils,Unknown,Unknown
github.com/cockroachdb/cockroach/pkg/sql/schemachanger/scerrors,Unknown,Unknown
github.com/cockroachdb/cockroach/pkg/sql/schemachanger/scexec,Unknown,Unknown
github.com/cockroachdb/cockroach/pkg/sql/schemachanger/scexec/scmutationexec,Unknown,Unknown
github.com/cockroachdb/cockroach/pkg/sql/schemachanger/scjob,Unknown,Unknown
github.com/cockroachdb/cockroach/pkg/sql/schemachanger/scop,Unknown,Unknown
github.com/cockroachdb/cockroach/pkg/sql/schemachanger/scpb,Unknown,Unknown
github.com/cockroachdb/cockroach/pkg/sql/schemachanger/scplan,Unknown,Unknown
github.com/cockroachdb/cockroach/pkg/sql/schemachanger/scplan/internal/opgen,Unknown,Unknown
github.com/cockroachdb/cockroach/pkg/sql/schemachanger/scplan/internal/rules,Unknown,Unknown
github.com/cockroachdb/cockroach/pkg/sql/schemachanger/scplan/internal/scgraph,Unknown,Unknown
github.com/cockroachdb/cockroach/pkg/sql/schemachanger/scplan/internal/scgraphviz,Unknown,Unknown
github.com/cockroachdb/cockroach/pkg/sql/schemachanger/scplan/internal/scstage,Unknown,Unknown
github.com/cockroachdb/cockroach/pkg/sql/schemachanger/screl,Unknown,Unknown
github.com/cockroachdb/cockroach/pkg/sql/schemachanger/scrun,Unknown,Unknown
github.com/cockroachdb/cockroach/pkg/sql/schemachanger/sctest,Unknown,Unknown
github.com/cockroachdb/cockroach/pkg/sql/scrub,Unknown,Unknown
github.com/cockroachdb/cockroach/pkg/sql/sem/builtins,Unknown,Unknown
github.com/cockroachdb/cockroach/pkg/sql/sem/catid,Unknown,Unknown
github.com/cockroachdb/cockroach/pkg/sql/sem/transform,Unknown,Unknown
github.com/cockroachdb/cockroach/pkg/sql/sem/tree,Unknown,Unknown
github.com/cockroachdb/cockroach/pkg/sql/sem/tree/treebin,Unknown,Unknown
github.com/cockroachdb/cockroach/pkg/sql/sem/tree/treecmp,Unknown,Unknown
github.com/cockroachdb/cockroach/pkg/sql/sem/tree/treewindow,Unknown,Unknown
github.com/cockroachdb/cockroach/pkg/sql/sessiondata,Unknown,Unknown
github.com/cockroachdb/cockroach/pkg/sql/sessiondatapb,Unknown,Unknown
github.com/cockroachdb/cockroach/pkg/sql/sessioninit,Unknown,Unknown
github.com/cockroachdb/cockroach/pkg/sql/sessionphase,Unknown,Unknown
github.com/cockroachdb/cockroach/pkg/sql/span,Unknown,Unknown
github.com/cockroachdb/cockroach/pkg/sql/sqlerrors,Unknown,Unknown
github.com/cockroachdb/cockroach/pkg/sql/sqlfsm,Unknown,Unknown
github.com/cockroachdb/cockroach/pkg/sql/sqlinstance,Unknown,Unknown
github.com/cockroachdb/cockroach/pkg/sql/sqlinstance/instanceprovider,Unknown,Unknown
github.com/cockroachdb/cockroach/pkg/sql/sqlinstance/instancestorage,Unknown,Unknown
github.com/cockroachdb/cockroach/pkg/sql/sqlliveness,Unknown,Unknown
github.com/cockroachdb/cockroach/pkg/sql/sqlliveness/slinstance,Unknown,Unknown
github.com/cockroachdb/cockroach/pkg/sql/sqlliveness/slprovider,Unknown,Unknown
github.com/cockroachdb/cockroach/pkg/sql/sqlliveness/slstorage,Unknown,Unknown
github.com/cockroachdb/cockroach/pkg/sql/sqlliveness/sqllivenesstestutils,Unknown,Unknown
github.com/cockroachdb/cockroach/pkg/sql/sqlstats,Unknown,Unknown
github.com/cockroachdb/cockroach/pkg/sql/sqlstats/persistedsqlstats,Unknown,Unknown
github.com/cockroachdb/cockroach/pkg/sql/sqlstats/persistedsqlstats/sqlstatsutil,Unknown,Unknown
github.com/cockroachdb/cockroach/pkg/sql/sqlstats/sslocal,Unknown,Unknown
github.com/cockroachdb/cockroach/pkg/sql/sqlstats/ssmemstorage,Unknown,Unknown
github.com/cockroachdb/cockroach/pkg/sql/sqltelemetry,Unknown,Unknown
github.com/cockroachdb/cockroach/pkg/sql/sqltestutils,Unknown,Unknown
github.com/cockroachdb/cockroach/pkg/sql/sqlutil,Unknown,Unknown
github.com/cockroachdb/cockroach/pkg/sql/stats,Unknown,Unknown
github.com/cockroachdb/cockroach/pkg/sql/stmtdiagnostics,Unknown,Unknown
github.com/cockroachdb/cockroach/pkg/sql/tests,Unknown,Unknown
github.com/cockroachdb/cockroach/pkg/sql/ttl/ttljob,Unknown,Unknown
github.com/cockroachdb/cockroach/pkg/sql/ttl/ttlschedule,Unknown,Unknown
github.com/cockroachdb/cockroach/pkg/sql/types,Unknown,Unknown
github.com/cockroachdb/cockroach/pkg/sql/vtable,Unknown,Unknown
github.com/cockroachdb/cockroach/pkg/startupmigrations,Unknown,Unknown
github.com/cockroachdb/cockroach/pkg/startupmigrations/leasemanager,Unknown,Unknown
github.com/cockroachdb/cockroach/pkg/storage,Unknown,Unknown
github.com/cockroachdb/cockroach/pkg/storage/enginepb,Unknown,Unknown
github.com/cockroachdb/cockroach/pkg/storage/fs,Unknown,Unknown
github.com/cockroachdb/cockroach/pkg/storage/metamorphic,Unknown,Unknown
github.com/cockroachdb/cockroach/pkg/streaming,Unknown,Unknown
github.com/cockroachdb/cockroach/pkg/testutils,Unknown,Unknown
github.com/cockroachdb/cockroach/pkg/testutils/buildutil,Unknown,Unknown
github.com/cockroachdb/cockroach/pkg/testutils/colcontainerutils,Unknown,Unknown
github.com/cockroachdb/cockroach/pkg/testutils/diagutils,Unknown,Unknown
github.com/cockroachdb/cockroach/pkg/testutils/distsqlutils,Unknown,Unknown
github.com/cockroachdb/cockroach/pkg/testutils/docker,Unknown,Unknown
github.com/cockroachdb/cockroach/pkg/testutils/docker/docker-fsnotify,Unknown,Unknown
github.com/cockroachdb/cockroach/pkg/testutils/echotest,Unknown,Unknown
github.com/cockroachdb/cockroach/pkg/testutils/floatcmp,Unknown,Unknown
github.com/cockroachdb/cockroach/pkg/testutils/gossiputil,Unknown,Unknown
github.com/cockroachdb/cockroach/pkg/testutils/grpcutils,Unknown,Unknown
github.com/cockroachdb/cockroach/pkg/testutils/jobutils,Unknown,Unknown
github.com/cockroachdb/cockroach/pkg/testutils/keysutils,Unknown,Unknown
github.com/cockroachdb/cockroach/pkg/testutils/kvclientutils,Unknown,Unknown
github.com/cockroachdb/cockroach/pkg/testutils/lint,Unknown,Unknown
github.com/cockroachdb/cockroach/pkg/testutils/lint/passes/descriptormarshal,Unknown,Unknown
github.com/cockroachdb/cockroach/pkg/testutils/lint/passes/errcheck,Unknown,Unknown
github.com/cockroachdb/cockroach/pkg/testutils/lint/passes/errcmp,Unknown,Unknown
github.com/cockroachdb/cockroach/pkg/testutils/lint/passes/errwrap,Unknown,Unknown
github.com/cockroachdb/cockroach/pkg/testutils/lint/passes/fmtsafe,Unknown,Unknown
github.com/cockroachdb/cockroach/pkg/testutils/lint/passes/forbiddenmethod,Unknown,Unknown
github.com/cockroachdb/cockroach/pkg/testutils/lint/passes/grpcclientconnclose,Unknown,Unknown
github.com/cockroachdb/cockroach/pkg/testutils/lint/passes/grpcstatuswithdetails,Unknown,Unknown
github.com/cockroachdb/cockroach/pkg/testutils/lint/passes/hash,Unknown,Unknown
github.com/cockroachdb/cockroach/pkg/testutils/lint/passes/leaktestcall,Unknown,Unknown
github.com/cockroachdb/cockroach/pkg/testutils/lint/passes/nilness,Unknown,Unknown
github.com/cockroachdb/cockroach/pkg/testutils/lint/passes/nocopy,Unknown,Unknown
github.com/cockroachdb/cockroach/pkg/testutils/lint/passes/passesutil,Unknown,Unknown
github.com/cockroachdb/cockroach/pkg/testutils/lint/passes/returnerrcheck,Unknown,Unknown
github.com/cockroachdb/cockroach/pkg/testutils/lint/passes/staticcheck,Unknown,Unknown
github.com/cockroachdb/cockroach/pkg/testutils/lint/passes/timer,Unknown,Unknown
github.com/cockroachdb/cockroach/pkg/testutils/lint/passes/unconvert,Unknown,Unknown
github.com/cockroachdb/cockroach/pkg/testutils/localtestcluster,Unknown,Unknown
github.com/cockroachdb/cockroach/pkg/testutils/metrictestutils,Unknown,Unknown
github.com/cockroachdb/cockroach/pkg/testutils/pgtest,Unknown,Unknown
github.com/cockroachdb/cockroach/pkg/testutils/physicalplanutils,Unknown,Unknown
github.com/cockroachdb/cockroach/pkg/testutils/serverutils,Unknown,Unknown
github.com/cockroachdb/cockroach/pkg/testutils/skip,Unknown,Unknown
github.com/cockroachdb/cockroach/pkg/testutils/sqlutils,Unknown,Unknown
github.com/cockroachdb/cockroach/pkg/testutils/sstutil,Unknown,Unknown
github.com/cockroachdb/cockroach/pkg/testutils/storageutils,Unknown,Unknown
github.com/cockroachdb/cockroach/pkg/testutils/testcluster,Unknown,Unknown
github.com/cockroachdb/cockroach/pkg/testutils/zerofields,Unknown,Unknown
github.com/cockroachdb/cockroach/pkg/ts,Unknown,Unknown
github.com/cockroachdb/cockroach/pkg/ts/catalog,Unknown,Unknown
github.com/cockroachdb/cockroach/pkg/ts/testmodel,Unknown,Unknown
github.com/cockroachdb/cockroach/pkg/ts/tspb,Unknown,Unknown
github.com/cockroachdb/cockroach/pkg/ui,Unknown,Unknown
github.com/cockroachdb/cockroach/pkg/ui/distccl,Unknown,Unknown
github.com/cockroachdb/cockroach/pkg/ui/distoss,Unknown,Unknown
github.com/cockroachdb/cockroach/pkg/util,Unknown,Unknown
github.com/cockroachdb/cockroach/pkg/util/admission,Unknown,Unknown
github.com/cockroachdb/cockroach/pkg/util/arith,Unknown,Unknown
github.com/cockroachdb/cockroach/pkg/util/binfetcher,Unknown,Unknown
github.com/cockroachdb/cockroach/pkg/util/bitarray,Unknown,Unknown
github.com/cockroachdb/cockroach/pkg/util/bufalloc,Unknown,Unknown
github.com/cockroachdb/cockroach/pkg/util/buildutil,Unknown,Unknown
github.com/cockroachdb/cockroach/pkg/util/cache,Unknown,Unknown
github.com/cockroachdb/cockroach/pkg/util/caller,Unknown,Unknown
github.com/cockroachdb/cockroach/pkg/util/cancelchecker,Unknown,Unknown
github.com/cockroachdb/cockroach/pkg/util/cgroups,Unknown,Unknown
github.com/cockroachdb/cockroach/pkg/util/circuit,Unknown,Unknown
github.com/cockroachdb/cockroach/pkg/util/cloudinfo,Unknown,Unknown
github.com/cockroachdb/cockroach/pkg/util/contextutil,Unknown,Unknown
github.com/cockroachdb/cockroach/pkg/util/ctxgroup,Unknown,Unknown
github.com/cockroachdb/cockroach/pkg/util/duration,Unknown,Unknown
github.com/cockroachdb/cockroach/pkg/util/encoding,Unknown,Unknown
github.com/cockroachdb/cockroach/pkg/util/encoding/csv,Unknown,Unknown
github.com/cockroachdb/cockroach/pkg/util/encoding/encodingtype,Unknown,Unknown
github.com/cockroachdb/cockroach/pkg/util/envutil,Unknown,Unknown
github.com/cockroachdb/cockroach/pkg/util/errorutil,Unknown,Unknown
github.com/cockroachdb/cockroach/pkg/util/errorutil/unimplemented,Unknown,Unknown
github.com/cockroachdb/cockroach/pkg/util/fileutil,Unknown,Unknown
github.com/cockroachdb/cockroach/pkg/util/flagutil,Unknown,Unknown
github.com/cockroachdb/cockroach/pkg/util/fsm,Unknown,Unknown
github.com/cockroachdb/cockroach/pkg/util/fuzzystrmatch,Unknown,Unknown
github.com/cockroachdb/cockroach/pkg/util/goschedstats,Unknown,Unknown
github.com/cockroachdb/cockroach/pkg/util/growstack,Unknown,Unknown
github.com/cockroachdb/cockroach/pkg/util/grpcutil,Unknown,Unknown
github.com/cockroachdb/cockroach/pkg/util/hlc,Unknown,Unknown
github.com/cockroachdb/cockroach/pkg/util/httputil,Unknown,Unknown
github.com/cockroachdb/cockroach/pkg/util/humanizeutil,Unknown,Unknown
github.com/cockroachdb/cockroach/pkg/util/interval,Unknown,Unknown
github.com/cockroachdb/cockroach/pkg/util/interval/generic,Unknown,Unknown
github.com/cockroachdb/cockroach/pkg/util/interval/generic/internal,Unknown,Unknown
github.com/cockroachdb/cockroach/pkg/util/ioctx,Unknown,Unknown
github.com/cockroachdb/cockroach/pkg/util/ipaddr,Unknown,Unknown
github.com/cockroachdb/cockroach/pkg/util/iterutil,Unknown,Unknown
github.com/cockroachdb/cockroach/pkg/util/json,Unknown,Unknown
github.com/cockroachdb/cockroach/pkg/util/jsonbytes,Unknown,Unknown
github.com/cockroachdb/cockroach/pkg/util/keysutil,Unknown,Unknown
github.com/cockroachdb/cockroach/pkg/util/leaktest,Unknown,Unknown
github.com/cockroachdb/cockroach/pkg/util/limit,Unknown,Unknown
github.com/cockroachdb/cockroach/pkg/util/log,Unknown,Unknown
github.com/cockroachdb/cockroach/pkg/util/log/channel,Unknown,Unknown
github.com/cockroachdb/cockroach/pkg/util/log/eventpb,Unknown,Unknown
github.com/cockroachdb/cockroach/pkg/util/log/gen,Unknown,Unknown
github.com/cockroachdb/cockroach/pkg/util/log/logconfig,Unknown,Unknown
github.com/cockroachdb/cockroach/pkg/util/log/logcrash,Unknown,Unknown
github.com/cockroachdb/cockroach/pkg/util/log/logflags,Unknown,Unknown
github.com/cockroachdb/cockroach/pkg/util/log/logpb,Unknown,Unknown
github.com/cockroachdb/cockroach/pkg/util/log/severity,Unknown,Unknown
github.com/cockroachdb/cockroach/pkg/util/memzipper,Unknown,Unknown
github.com/cockroachdb/cockroach/pkg/util/metric,Unknown,Unknown
github.com/cockroachdb/cockroach/pkg/util/metric/aggmetric,Unknown,Unknown
github.com/cockroachdb/cockroach/pkg/util/mon,Unknown,Unknown
github.com/cockroachdb/cockroach/pkg/util/netutil,Unknown,Unknown
github.com/cockroachdb/cockroach/pkg/util/netutil/addr,Unknown,Unknown
github.com/cockroachdb/cockroach/pkg/util/optional,Unknown,Unknown
github.com/cockroachdb/cockroach/pkg/util/pretty,Unknown,Unknown
github.com/cockroachdb/cockroach/pkg/util/protoutil,Unknown,Unknown
github.com/cockroachdb/cockroach/pkg/util/quotapool,Unknown,Unknown
github.com/cockroachdb/cockroach/pkg/util/randutil,Unknown,Unknown
github.com/cockroachdb/cockroach/pkg/util/retry,Unknown,Unknown
github.com/cockroachdb/cockroach/pkg/util/ring,Unknown,Unknown
github.com/cockroachdb/cockroach/pkg/util/sdnotify,Unknown,Unknown
github.com/cockroachdb/cockroach/pkg/util/search,Unknown,Unknown
github.com/cockroachdb/cockroach/pkg/util/shuffle,Unknown,Unknown
github.com/cockroachdb/cockroach/pkg/util/sort,Unknown,Unknown
github.com/cockroachdb/cockroach/pkg/util/span,Unknown,Unknown
github.com/cockroachdb/cockroach/pkg/util/stop,Unknown,Unknown
github.com/cockroachdb/cockroach/pkg/util/stringarena,Unknown,Unknown
github.com/cockroachdb/cockroach/pkg/util/stringencoding,Unknown,Unknown
github.com/cockroachdb/cockroach/pkg/util/syncutil,Unknown,Unknown
github.com/cockroachdb/cockroach/pkg/util/syncutil/singleflight,Unknown,Unknown
github.com/cockroachdb/cockroach/pkg/util/system,Unknown,Unknown
github.com/cockroachdb/cockroach/pkg/util/sysutil,Unknown,Unknown
github.com/cockroachdb/cockroach/pkg/util/targz,Unknown,Unknown
github.com/cockroachdb/cockroach/pkg/util/targz/gen,Unknown,Unknown
github.com/cockroachdb/cockroach/pkg/util/timeofday,Unknown,Unknown
github.com/cockroachdb/cockroach/pkg/util/timetz,Unknown,Unknown
github.com/cockroachdb/cockroach/pkg/util/timeutil,Unknown,Unknown
github.com/cockroachdb/cockroach/pkg/util/timeutil/gen,Unknown,Unknown
github.com/cockroachdb/cockroach/pkg/util/timeutil/pgdate,Unknown,Unknown
github.com/cockroachdb/cockroach/pkg/util/tracing,Unknown,Unknown
github.com/cockroachdb/cockroach/pkg/util/tracing/collector,Unknown,Unknown
github.com/cockroachdb/cockroach/pkg/util/tracing/service,Unknown,Unknown
github.com/cockroachdb/cockroach/pkg/util/tracing/tracingpb,Unknown,Unknown
github.com/cockroachdb/cockroach/pkg/util/tracing/tracingui,Unknown,Unknown
github.com/cockroachdb/cockroach/pkg/util/tracing/zipper,Unknown,Unknown
github.com/cockroachdb/cockroach/pkg/util/treeprinter,Unknown,Unknown
github.com/cockroachdb/cockroach/pkg/util/uint128,Unknown,Unknown
github.com/cockroachdb/cockroach/pkg/util/ulid,Unknown,Unknown
github.com/cockroachdb/cockroach/pkg/util/unaccent,Unknown,Unknown
github.com/cockroachdb/cockroach/pkg/util/unique,Unknown,Unknown
github.com/cockroachdb/cockroach/pkg/util/uuid,Unknown,Unknown
github.com/cockroachdb/cockroach/pkg/util/version,Unknown,Unknown
github.com/cockroachdb/cockroach/pkg/workload,Unknown,Unknown
github.com/cockroachdb/cockroach/pkg/workload/bank,Unknown,Unknown
github.com/cockroachdb/cockroach/pkg/workload/bulkingest,Unknown,Unknown
github.com/cockroachdb/cockroach/pkg/workload/cli,Unknown,Unknown
github.com/cockroachdb/cockroach/pkg/workload/connectionlatency,Unknown,Unknown
github.com/cockroachdb/cockroach/pkg/workload/debug,Unknown,Unknown
github.com/cockroachdb/cockroach/pkg/workload/examples,Unknown,Unknown
github.com/cockroachdb/cockroach/pkg/workload/faker,Unknown,Unknown
github.com/cockroachdb/cockroach/pkg/workload/geospatial,Unknown,Unknown
github.com/cockroachdb/cockroach/pkg/workload/histogram,Unknown,Unknown
github.com/cockroachdb/cockroach/pkg/workload/indexes,Unknown,Unknown
github.com/cockroachdb/cockroach/pkg/workload/jsonload,Unknown,Unknown
github.com/cockroachdb/cockroach/pkg/workload/kv,Unknown,Unknown
github.com/cockroachdb/cockroach/pkg/workload/ledger,Unknown,Unknown
github.com/cockroachdb/cockroach/pkg/workload/movr,Unknown,Unknown
github.com/cockroachdb/cockroach/pkg/workload/querybench,Unknown,Unknown
github.com/cockroachdb/cockroach/pkg/workload/querylog,Unknown,Unknown
github.com/cockroachdb/cockroach/pkg/workload/queue,Unknown,Unknown
github.com/cockroachdb/cockroach/pkg/workload/rand,Unknown,Unknown
github.com/cockroachdb/cockroach/pkg/workload/schemachange,Unknown,Unknown
github.com/cockroachdb/cockroach/pkg/workload/sqlsmith,Unknown,Unknown
github.com/cockroachdb/cockroach/pkg/workload/tpcc,Unknown,Unknown
github.com/cockroachdb/cockroach/pkg/workload/tpccchecks,Unknown,Unknown
github.com/cockroachdb/cockroach/pkg/workload/tpcds,Unknown,Unknown
github.com/cockroachdb/cockroach/pkg/workload/tpch,Unknown,Unknown
github.com/cockroachdb/cockroach/pkg/workload/ttllogger,Unknown,Unknown
github.com/cockroachdb/cockroach/pkg/workload/workloadimpl,Unknown,Unknown
github.com/cockroachdb/cockroach/pkg/workload/workloadsql,Unknown,Unknown
github.com/cockroachdb/cockroach/pkg/workload/ycsb,Unknown,Unknown
github.com/cockroachdb/datadriven,https://github.com/cockroachdb/cockroach/blob/HEAD/vendor/github.com/cockroachdb/datadriven/LICENSE,Apache-2.0
github.com/cockroachdb/errors,https://github.com/cockroachdb/cockroach/blob/HEAD/vendor/github.com/cockroachdb/errors/LICENSE,Apache-2.0
github.com/cockroachdb/gostdlib/go/format,Unknown,Unknown
github.com/cockroachdb/gostdlib/go/printer,Unknown,Unknown
github.com/cockroachdb/gostdlib/x/tools/go/ast/astutil,Unknown,Unknown
github.com/cockroachdb/gostdlib/x/tools/go/internal/packagesdriver,Unknown,Unknown
github.com/cockroachdb/gostdlib/x/tools/go/packages,Unknown,Unknown
github.com/cockroachdb/gostdlib/x/tools/imports,Unknown,Unknown
github.com/cockroachdb/gostdlib/x/tools/internal/fastwalk,Unknown,Unknown
github.com/cockroachdb/gostdlib/x/tools/internal/gopathwalk,Unknown,Unknown
github.com/cockroachdb/gostdlib/x/tools/internal/imports,Unknown,Unknown
github.com/cockroachdb/gostdlib/x/tools/internal/module,Unknown,Unknown
github.com/cockroachdb/gostdlib/x/tools/internal/semver,Unknown,Unknown
github.com/cockroachdb/gostdlib/x/tools/internal/span,Unknown,Unknown
github.com/cockroachdb/logtags,https://github.com/cockroachdb/cockroach/blob/HEAD/vendor/github.com/cockroachdb/logtags/LICENSE,Apache-2.0
github.com/cockroachdb/pebble,https://github.com/cockroachdb/cockroach/blob/HEAD/vendor/github.com/cockroachdb/pebble/LICENSE,BSD-3-Clause
github.com/cockroachdb/pebble/internal/arenaskl,https://github.com/cockroachdb/cockroach/blob/HEAD/vendor/github.com/cockroachdb/pebble/internal/arenaskl/LICENSE,Apache-2.0
github.com/cockroachdb/pebble/internal/cache,https://github.com/cockroachdb/cockroach/blob/HEAD/vendor/github.com/cockroachdb/pebble/internal/cache/LICENSE,MIT
github.com/cockroachdb/redact,https://github.com/cockroachdb/cockroach/blob/HEAD/vendor/github.com/cockroachdb/redact/LICENSE,Apache-2.0
github.com/cockroachdb/returncheck,https://github.com/cockroachdb/cockroach/blob/HEAD/vendor/github.com/cockroachdb/returncheck/LICENSE,Apache-2.0
github.com/cockroachdb/ttycolor,https://github.com/cockroachdb/cockroach/blob/HEAD/vendor/github.com/cockroachdb/ttycolor/LICENSE,Apache-2.0
github.com/codahale/hdrhistogram,https://github.com/cockroachdb/cockroach/blob/HEAD/vendor/github.com/codahale/hdrhistogram/LICENSE,MIT
github.com/containerd/containerd,https://github.com/cockroachdb/cockroach/blob/HEAD/vendor/github.com/containerd/containerd/LICENSE,Apache-2.0
github.com/coreos/go-oidc,https://github.com/cockroachdb/cockroach/blob/HEAD/vendor/github.com/coreos/go-oidc/LICENSE,Apache-2.0
github.com/cpuguy83/go-md2man/v2/md2man,https://github.com/cockroachdb/cockroach/blob/HEAD/vendor/github.com/cpuguy83/go-md2man/v2/LICENSE.md,MIT
github.com/dave/dst,https://github.com/cockroachdb/cockroach/blob/HEAD/vendor/github.com/dave/dst/LICENSE,MIT
github.com/davecgh/go-spew/spew,https://github.com/cockroachdb/cockroach/blob/HEAD/vendor/github.com/davecgh/go-spew/LICENSE,ISC
github.com/dgryski/go-metro,https://github.com/cockroachdb/cockroach/blob/HEAD/vendor/github.com/dgryski/go-metro/LICENSE,MIT
github.com/dimchansky/utfbom,https://github.com/cockroachdb/cockroach/blob/HEAD/vendor/github.com/dimchansky/utfbom/LICENSE,Apache-2.0
github.com/docker/distribution,https://github.com/cockroachdb/cockroach/blob/HEAD/vendor/github.com/docker/distribution/LICENSE,Apache-2.0
github.com/docker/docker,https://github.com/cockroachdb/cockroach/blob/HEAD/vendor/github.com/docker/docker/LICENSE,Apache-2.0
github.com/docker/go-connections,https://github.com/cockroachdb/cockroach/blob/HEAD/vendor/github.com/docker/go-connections/LICENSE,Apache-2.0
github.com/docker/go-units,https://github.com/cockroachdb/cockroach/blob/HEAD/vendor/github.com/docker/go-units/LICENSE,Apache-2.0
github.com/dustin/go-humanize,https://github.com/cockroachdb/cockroach/blob/HEAD/vendor/github.com/dustin/go-humanize/LICENSE,MIT
github.com/eapache/go-resiliency/breaker,https://github.com/cockroachdb/cockroach/blob/HEAD/vendor/github.com/eapache/go-resiliency/LICENSE,MIT
github.com/eapache/go-xerial-snappy,https://github.com/cockroachdb/cockroach/blob/HEAD/vendor/github.com/eapache/go-xerial-snappy/LICENSE,MIT
github.com/eapache/queue,https://github.com/cockroachdb/cockroach/blob/HEAD/vendor/github.com/eapache/queue/LICENSE,MIT
github.com/edsrzf/mmap-go,https://github.com/cockroachdb/cockroach/blob/HEAD/vendor/github.com/edsrzf/mmap-go/LICENSE,BSD-3-Clause
github.com/elastic/gosigar,https://github.com/cockroachdb/cockroach/blob/HEAD/vendor/github.com/elastic/gosigar/LICENSE,Apache-2.0
github.com/emicklei/dot,https://github.com/cockroachdb/cockroach/blob/HEAD/vendor/github.com/emicklei/dot/LICENSE,MIT
github.com/facebookgo/clock,https://github.com/cockroachdb/cockroach/blob/HEAD/vendor/github.com/facebookgo/clock/LICENSE,MIT
github.com/fatih/structs,https://github.com/cockroachdb/cockroach/blob/HEAD/vendor/github.com/fatih/structs/LICENSE,MIT
github.com/fraugster/parquet-go,https://github.com/cockroachdb/cockroach/blob/HEAD/vendor/github.com/fraugster/parquet-go/LICENSE,Apache-2.0
github.com/fsnotify/fsnotify,https://github.com/cockroachdb/cockroach/blob/HEAD/vendor/github.com/fsnotify/fsnotify/LICENSE,BSD-3-Clause
github.com/getsentry/sentry-go,https://github.com/cockroachdb/cockroach/blob/HEAD/vendor/github.com/getsentry/sentry-go/LICENSE,BSD-2-Clause
github.com/ghemawat/stream,https://github.com/cockroachdb/cockroach/blob/HEAD/vendor/github.com/ghemawat/stream/LICENSE.md,Apache-2.0
github.com/go-kit/log,https://github.com/cockroachdb/cockroach/blob/HEAD/vendor/github.com/go-kit/log/LICENSE,MIT
github.com/go-logfmt/logfmt,https://github.com/cockroachdb/cockroach/blob/HEAD/vendor/github.com/go-logfmt/logfmt/LICENSE,MIT
github.com/go-sql-driver/mysql,https://github.com/cockroachdb/cockroach/blob/HEAD/vendor/github.com/go-sql-driver/mysql/LICENSE,MPL-2.0
github.com/gogo/googleapis/google/rpc,https://github.com/cockroachdb/cockroach/blob/HEAD/vendor/github.com/gogo/googleapis/LICENSE,Apache-2.0
github.com/gogo/protobuf,https://github.com/cockroachdb/cockroach/blob/HEAD/vendor/github.com/gogo/protobuf/LICENSE,BSD-3-Clause
github.com/gogo/status,https://github.com/cockroachdb/cockroach/blob/HEAD/vendor/github.com/gogo/status/LICENSE,Apache-2.0
github.com/golang-commonmark/html,https://github.com/cockroachdb/cockroach/blob/HEAD/vendor/github.com/golang-commonmark/html/LICENSE,BSD-2-Clause
github.com/golang-commonmark/linkify,https://github.com/cockroachdb/cockroach/blob/HEAD/vendor/github.com/golang-commonmark/linkify/LICENSE,BSD-2-Clause
github.com/golang-commonmark/markdown,https://github.com/cockroachdb/cockroach/blob/HEAD/vendor/github.com/golang-commonmark/markdown/LICENSE,BSD-2-Clause
github.com/golang-commonmark/mdurl,https://github.com/cockroachdb/cockroach/blob/HEAD/vendor/github.com/golang-commonmark/mdurl/LICENSE,BSD-2-Clause
github.com/golang-commonmark/puny,https://github.com/cockroachdb/cockroach/blob/HEAD/vendor/github.com/golang-commonmark/puny/LICENSE,BSD-2-Clause
github.com/golang-jwt/jwt,https://github.com/cockroachdb/cockroach/blob/HEAD/vendor/github.com/golang-jwt/jwt/LICENSE,MIT
github.com/golang-jwt/jwt/v4,https://github.com/cockroachdb/cockroach/blob/HEAD/vendor/github.com/golang-jwt/jwt/v4/LICENSE,MIT
github.com/golang/geo,https://github.com/cockroachdb/cockroach/blob/HEAD/vendor/github.com/golang/geo/LICENSE,Apache-2.0
github.com/golang/groupcache/lru,https://github.com/cockroachdb/cockroach/blob/HEAD/vendor/github.com/golang/groupcache/LICENSE,Apache-2.0
github.com/golang/mock/gomock,https://github.com/cockroachdb/cockroach/blob/HEAD/vendor/github.com/golang/mock/LICENSE,Apache-2.0
github.com/golang/protobuf,https://github.com/cockroachdb/cockroach/blob/HEAD/vendor/github.com/golang/protobuf/LICENSE,BSD-3-Clause
github.com/golang/snappy,https://github.com/cockroachdb/cockroach/blob/HEAD/vendor/github.com/golang/snappy/LICENSE,BSD-3-Clause
github.com/google/btree,https://github.com/cockroachdb/cockroach/blob/HEAD/vendor/github.com/google/btree/LICENSE,Apache-2.0
github.com/google/flatbuffers/go,https://github.com/cockroachdb/cockroach/blob/HEAD/vendor/github.com/google/flatbuffers/LICENSE.txt,Apache-2.0
github.com/google/go-cmp/cmp,https://github.com/cockroachdb/cockroach/blob/HEAD/vendor/github.com/google/go-cmp/LICENSE,BSD-3-Clause
github.com/google/go-github/github,https://github.com/cockroachdb/cockroach/blob/HEAD/vendor/github.com/google/go-github/LICENSE,BSD-3-Clause
github.com/google/go-github/v42/github,https://github.com/cockroachdb/cockroach/blob/HEAD/vendor/github.com/google/go-github/v42/LICENSE,BSD-3-Clause
github.com/google/go-querystring/query,https://github.com/cockroachdb/cockroach/blob/HEAD/vendor/github.com/google/go-querystring/LICENSE,BSD-3-Clause
github.com/google/pprof,https://github.com/cockroachdb/cockroach/blob/HEAD/vendor/github.com/google/pprof/LICENSE,Apache-2.0
github.com/google/pprof/third_party/d3,https://github.com/cockroachdb/cockroach/blob/HEAD/vendor/github.com/google/pprof/third_party/d3/LICENSE,BSD-3-Clause
github.com/google/pprof/third_party/d3flamegraph,https://github.com/cockroachdb/cockroach/blob/HEAD/vendor/github.com/google/pprof/third_party/d3flamegraph/LICENSE,Apache-2.0
github.com/google/pprof/third_party/svgpan,https://github.com/cockroachdb/cockroach/blob/HEAD/vendor/github.com/google/pprof/third_party/svgpan/LICENSE,BSD-3-Clause
github.com/google/shlex,https://github.com/cockroachdb/cockroach/blob/HEAD/vendor/github.com/google/shlex/COPYING,Apache-2.0
github.com/google/skylark/syntax,https://github.com/cockroachdb/cockroach/blob/HEAD/vendor/github.com/google/skylark/LICENSE,BSD-3-Clause
github.com/google/uuid,https://github.com/cockroachdb/cockroach/blob/HEAD/vendor/github.com/google/uuid/LICENSE,BSD-3-Clause
github.com/googleapis/gax-go/v2,https://github.com/cockroachdb/cockroach/blob/HEAD/vendor/github.com/googleapis/gax-go/v2/LICENSE,BSD-3-Clause
github.com/gorilla/mux,https://github.com/cockroachdb/cockroach/blob/HEAD/vendor/github.com/gorilla/mux/LICENSE,BSD-3-Clause
github.com/gorilla/websocket,https://github.com/cockroachdb/cockroach/blob/HEAD/vendor/github.com/gorilla/websocket/LICENSE,BSD-2-Clause
github.com/grpc-ecosystem/grpc-gateway,https://github.com/cockroachdb/cockroach/blob/HEAD/vendor/github.com/grpc-ecosystem/grpc-gateway/LICENSE.txt,BSD-3-Clause
github.com/hashicorp/go-uuid,https://github.com/cockroachdb/cockroach/blob/HEAD/vendor/github.com/hashicorp/go-uuid/LICENSE,MPL-2.0
github.com/ianlancetaylor/demangle,https://github.com/cockroachdb/cockroach/blob/HEAD/vendor/github.com/ianlancetaylor/demangle/LICENSE,BSD-3-Clause
github.com/irfansharif/recorder,https://github.com/cockroachdb/cockroach/blob/HEAD/vendor/github.com/irfansharif/recorder/LICENSE,Apache-2.0
github.com/jackc/chunkreader/v2,https://github.com/cockroachdb/cockroach/blob/HEAD/vendor/github.com/jackc/chunkreader/v2/LICENSE,MIT
github.com/jackc/pgconn,https://github.com/cockroachdb/cockroach/blob/HEAD/vendor/github.com/jackc/pgconn/LICENSE,MIT
github.com/jackc/pgio,https://github.com/cockroachdb/cockroach/blob/HEAD/vendor/github.com/jackc/pgio/LICENSE,MIT
github.com/jackc/pgpassfile,https://github.com/cockroachdb/cockroach/blob/HEAD/vendor/github.com/jackc/pgpassfile/LICENSE,MIT
github.com/jackc/pgproto3/v2,https://github.com/cockroachdb/cockroach/blob/HEAD/vendor/github.com/jackc/pgproto3/v2/LICENSE,MIT
github.com/jackc/pgservicefile,https://github.com/cockroachdb/cockroach/blob/HEAD/vendor/github.com/jackc/pgservicefile/LICENSE,MIT
github.com/jackc/pgtype,https://github.com/cockroachdb/cockroach/blob/HEAD/vendor/github.com/jackc/pgtype/LICENSE,MIT
github.com/jackc/pgx/v4,https://github.com/cockroachdb/cockroach/blob/HEAD/vendor/github.com/jackc/pgx/v4/LICENSE,MIT
github.com/jackc/puddle,https://github.com/cockroachdb/cockroach/blob/HEAD/vendor/github.com/jackc/puddle/LICENSE,MIT
github.com/jaegertracing/jaeger/model/json,https://github.com/cockroachdb/cockroach/blob/HEAD/vendor/github.com/jaegertracing/jaeger/LICENSE,Apache-2.0
github.com/jcmturner/aescts/v2,https://github.com/cockroachdb/cockroach/blob/HEAD/vendor/github.com/jcmturner/aescts/v2/LICENSE,Apache-2.0
github.com/jcmturner/dnsutils/v2,https://github.com/cockroachdb/cockroach/blob/HEAD/vendor/github.com/jcmturner/dnsutils/v2/LICENSE,Apache-2.0
github.com/jcmturner/gofork,https://github.com/cockroachdb/cockroach/blob/HEAD/vendor/github.com/jcmturner/gofork/LICENSE,BSD-3-Clause
github.com/jcmturner/goidentity/v6,https://github.com/cockroachdb/cockroach/blob/HEAD/vendor/github.com/jcmturner/goidentity/v6/LICENSE,Apache-2.0
github.com/jcmturner/gokrb5/v8,https://github.com/cockroachdb/cockroach/blob/HEAD/vendor/github.com/jcmturner/gokrb5/v8/LICENSE,Apache-2.0
github.com/jcmturner/rpc/v2,https://github.com/cockroachdb/cockroach/blob/HEAD/vendor/github.com/jcmturner/rpc/v2/LICENSE,Apache-2.0
github.com/jmespath/go-jmespath,https://github.com/cockroachdb/cockroach/blob/HEAD/vendor/github.com/jmespath/go-jmespath/LICENSE,Apache-2.0
github.com/jordan-wright/email,https://github.com/cockroachdb/cockroach/blob/HEAD/vendor/github.com/jordan-wright/email/LICENSE,MIT
github.com/json-iterator/go,https://github.com/cockroachdb/cockroach/blob/HEAD/vendor/github.com/json-iterator/go/LICENSE,MIT
github.com/kisielk/gotool,https://github.com/cockroachdb/cockroach/blob/HEAD/vendor/github.com/kisielk/gotool/LICENSE,MIT
github.com/klauspost/compress,https://github.com/cockroachdb/cockroach/blob/HEAD/vendor/github.com/klauspost/compress/LICENSE,Apache-2.0
github.com/klauspost/compress/internal/snapref,https://github.com/cockroachdb/cockroach/blob/HEAD/vendor/github.com/klauspost/compress/internal/snapref/LICENSE,BSD-3-Clause
github.com/klauspost/compress/zstd/internal/xxhash,https://github.com/cockroachdb/cockroach/blob/HEAD/vendor/github.com/klauspost/compress/zstd/internal/xxhash/LICENSE.txt,MIT
github.com/knz/go-libedit,https://github.com/cockroachdb/cockroach/blob/HEAD/vendor/github.com/knz/go-libedit/LICENSE,Apache-2.0
github.com/knz/strtime,https://github.com/cockroachdb/cockroach/blob/HEAD/vendor/github.com/knz/strtime/LICENSE,BSD-2-Clause
github.com/kr/pretty,https://github.com/cockroachdb/cockroach/blob/HEAD/vendor/github.com/kr/pretty/License,MIT
github.com/kr/text,https://github.com/cockroachdb/cockroach/blob/HEAD/vendor/github.com/kr/text/License,MIT
github.com/kylelemons/godebug/diff,https://github.com/cockroachdb/cockroach/blob/HEAD/vendor/github.com/kylelemons/godebug/LICENSE,Apache-2.0
github.com/lib/pq,https://github.com/cockroachdb/cockroach/blob/HEAD/vendor/github.com/lib/pq/LICENSE.md,MIT
github.com/linkedin/goavro/v2,https://github.com/cockroachdb/cockroach/blob/HEAD/vendor/github.com/linkedin/goavro/v2/LICENSE,Apache-2.0
github.com/lufia/iostat,https://github.com/cockroachdb/cockroach/blob/HEAD/vendor/github.com/lufia/iostat/LICENSE,BSD-3-Clause
github.com/maruel/panicparse/v2/stack,https://github.com/cockroachdb/cockroach/blob/HEAD/vendor/github.com/maruel/panicparse/v2/LICENSE,Apache-2.0
github.com/marusama/semaphore,https://github.com/cockroachdb/cockroach/blob/HEAD/vendor/github.com/marusama/semaphore/LICENSE,MIT
github.com/mattn/go-ieproxy,https://github.com/cockroachdb/cockroach/blob/HEAD/vendor/github.com/mattn/go-ieproxy/LICENSE,MIT
github.com/mattn/go-isatty,https://github.com/cockroachdb/cockroach/blob/HEAD/vendor/github.com/mattn/go-isatty/LICENSE,MIT
github.com/mattn/go-runewidth,https://github.com/cockroachdb/cockroach/blob/HEAD/vendor/github.com/mattn/go-runewidth/LICENSE,MIT
github.com/matttproud/golang_protobuf_extensions/pbutil,https://github.com/cockroachdb/cockroach/blob/HEAD/vendor/github.com/matttproud/golang_protobuf_extensions/LICENSE,Apache-2.0
github.com/mitchellh/go-homedir,https://github.com/cockroachdb/cockroach/blob/HEAD/vendor/github.com/mitchellh/go-homedir/LICENSE,MIT
github.com/mitchellh/reflectwalk,https://github.com/cockroachdb/cockroach/blob/HEAD/vendor/github.com/mitchellh/reflectwalk/LICENSE,MIT
github.com/moby/term,https://github.com/cockroachdb/cockroach/blob/HEAD/vendor/github.com/moby/term/LICENSE,Apache-2.0
github.com/modern-go/concurrent,https://github.com/cockroachdb/cockroach/blob/HEAD/vendor/github.com/modern-go/concurrent/LICENSE,Apache-2.0
github.com/modern-go/reflect2,https://github.com/cockroachdb/cockroach/blob/HEAD/vendor/github.com/modern-go/reflect2/LICENSE,Apache-2.0
github.com/montanaflynn/stats,https://github.com/cockroachdb/cockroach/blob/HEAD/vendor/github.com/montanaflynn/stats/LICENSE,MIT
github.com/morikuni/aec,https://github.com/cockroachdb/cockroach/blob/HEAD/vendor/github.com/morikuni/aec/LICENSE,MIT
github.com/olekukonko/tablewriter,https://github.com/cockroachdb/cockroach/blob/HEAD/vendor/github.com/olekukonko/tablewriter/LICENSE.md,MIT
github.com/opencontainers/go-digest,https://github.com/cockroachdb/cockroach/blob/HEAD/vendor/github.com/opencontainers/go-digest/LICENSE,Apache-2.0
github.com/opencontainers/image-spec/specs-go,https://github.com/cockroachdb/cockroach/blob/HEAD/vendor/github.com/opencontainers/image-spec/LICENSE,Apache-2.0
github.com/openzipkin/zipkin-go/model,https://github.com/cockroachdb/cockroach/blob/HEAD/vendor/github.com/openzipkin/zipkin-go/LICENSE,Apache-2.0
github.com/petermattis/goid,https://github.com/cockroachdb/cockroach/blob/HEAD/vendor/github.com/petermattis/goid/LICENSE,Apache-2.0
github.com/pierrec/lz4,https://github.com/cockroachdb/cockroach/blob/HEAD/vendor/github.com/pierrec/lz4/LICENSE,BSD-3-Clause
github.com/pierrre/geohash,https://github.com/cockroachdb/cockroach/blob/HEAD/vendor/github.com/pierrre/geohash/LICENSE,MIT
github.com/pkg/browser,https://github.com/cockroachdb/cockroach/blob/HEAD/vendor/github.com/pkg/browser/LICENSE,BSD-2-Clause
github.com/pkg/errors,https://github.com/cockroachdb/cockroach/blob/HEAD/vendor/github.com/pkg/errors/LICENSE,BSD-2-Clause
github.com/pmezard/go-difflib/difflib,https://github.com/cockroachdb/cockroach/blob/HEAD/vendor/github.com/pmezard/go-difflib/LICENSE,BSD-3-Clause
github.com/pquerna/cachecontrol,https://github.com/cockroachdb/cockroach/blob/HEAD/vendor/github.com/pquerna/cachecontrol/LICENSE,Apache-2.0
github.com/prometheus/client_golang,https://github.com/cockroachdb/cockroach/blob/HEAD/vendor/github.com/prometheus/client_golang/LICENSE,Apache-2.0
github.com/prometheus/client_model/go,https://github.com/cockroachdb/cockroach/blob/HEAD/vendor/github.com/prometheus/client_model/LICENSE,Apache-2.0
github.com/prometheus/common,https://github.com/cockroachdb/cockroach/blob/HEAD/vendor/github.com/prometheus/common/LICENSE,Apache-2.0
github.com/prometheus/common/internal/bitbucket.org/ww/goautoneg,https://github.com/cockroachdb/cockroach/blob/HEAD/vendor/github.com/prometheus/common/internal/bitbucket.org/ww/goautoneg/README.txt,BSD-3-Clause
github.com/prometheus/procfs,https://github.com/cockroachdb/cockroach/blob/HEAD/vendor/github.com/prometheus/procfs/LICENSE,Apache-2.0
github.com/prometheus/prometheus,https://github.com/cockroachdb/cockroach/blob/HEAD/vendor/github.com/prometheus/prometheus/LICENSE,Apache-2.0
github.com/rcrowley/go-metrics,https://github.com/cockroachdb/cockroach/blob/HEAD/vendor/github.com/rcrowley/go-metrics/LICENSE,BSD-2-Clause-FreeBSD
github.com/rivo/uniseg,https://github.com/cockroachdb/cockroach/blob/HEAD/vendor/github.com/rivo/uniseg/LICENSE.txt,MIT
github.com/robfig/cron/v3,https://github.com/cockroachdb/cockroach/blob/HEAD/vendor/github.com/robfig/cron/v3/LICENSE,MIT
github.com/rogpeppe/go-internal/fmtsort,https://github.com/cockroachdb/cockroach/blob/HEAD/vendor/github.com/rogpeppe/go-internal/LICENSE,BSD-3-Clause
github.com/russross/blackfriday/v2,https://github.com/cockroachdb/cockroach/blob/HEAD/vendor/github.com/russross/blackfriday/v2/LICENSE.txt,BSD-2-Clause
github.com/shirou/gopsutil/v3,https://github.com/cockroachdb/cockroach/blob/HEAD/vendor/github.com/shirou/gopsutil/v3/LICENSE,BSD-3-Clause
github.com/sirupsen/logrus,https://github.com/cockroachdb/cockroach/blob/HEAD/vendor/github.com/sirupsen/logrus/LICENSE,MIT
github.com/slack-go/slack,https://github.com/cockroachdb/cockroach/blob/HEAD/vendor/github.com/slack-go/slack/LICENSE,BSD-2-Clause
github.com/spf13/afero,https://github.com/cockroachdb/cockroach/blob/HEAD/vendor/github.com/spf13/afero/LICENSE.txt,Apache-2.0
github.com/spf13/cobra,https://github.com/cockroachdb/cockroach/blob/HEAD/vendor/github.com/spf13/cobra/LICENSE.txt,Apache-2.0
github.com/spf13/pflag,https://github.com/cockroachdb/cockroach/blob/HEAD/vendor/github.com/spf13/pflag/LICENSE,BSD-3-Clause
github.com/stretchr/testify,https://github.com/cockroachdb/cockroach/blob/HEAD/vendor/github.com/stretchr/testify/LICENSE,MIT
github.com/tklauser/go-sysconf,https://github.com/cockroachdb/cockroach/blob/HEAD/vendor/github.com/tklauser/go-sysconf/LICENSE,BSD-3-Clause
github.com/trivago/tgo,https://github.com/cockroachdb/cockroach/blob/HEAD/vendor/github.com/trivago/tgo/LICENSE,Apache-2.0
github.com/twpayne/go-geom,https://github.com/cockroachdb/cockroach/blob/HEAD/vendor/github.com/twpayne/go-geom/LICENSE,BSD-2-Clause
github.com/twpayne/go-kml,https://github.com/cockroachdb/cockroach/blob/HEAD/vendor/github.com/twpayne/go-kml/LICENSE,MIT
github.com/xdg-go/pbkdf2,https://github.com/cockroachdb/cockroach/blob/HEAD/vendor/github.com/xdg-go/pbkdf2/LICENSE,Apache-2.0
github.com/xdg-go/scram,https://github.com/cockroachdb/cockroach/blob/HEAD/vendor/github.com/xdg-go/scram/LICENSE,Apache-2.0
github.com/xdg-go/stringprep,https://github.com/cockroachdb/cockroach/blob/HEAD/vendor/github.com/xdg-go/stringprep/LICENSE,Apache-2.0
github.com/zabawaba99/go-gitignore,https://github.com/cockroachdb/cockroach/blob/HEAD/vendor/github.com/zabawaba99/go-gitignore/LICENSE,Apache-2.0
go.etcd.io/etcd/raft/v3,https://github.com/cockroachdb/cockroach/blob/HEAD/vendor/go.etcd.io/etcd/raft/v3/LICENSE,Apache-2.0
go.opencensus.io,https://github.com/cockroachdb/cockroach/blob/HEAD/vendor/go.opencensus.io/LICENSE,Apache-2.0
go.opentelemetry.io/otel,https://github.com/cockroachdb/cockroach/blob/HEAD/vendor/go.opentelemetry.io/otel/LICENSE,Apache-2.0
go.opentelemetry.io/otel/exporters/jaeger,https://github.com/cockroachdb/cockroach/blob/HEAD/vendor/go.opentelemetry.io/otel/exporters/jaeger/LICENSE,Apache-2.0
go.opentelemetry.io/otel/exporters/jaeger/internal/third_party/thrift/lib/go/thrift,https://github.com/cockroachdb/cockroach/blob/HEAD/vendor/go.opentelemetry.io/otel/exporters/jaeger/internal/third_party/thrift/LICENSE,Apache-2.0
go.opentelemetry.io/otel/exporters/otlp/otlptrace,https://github.com/cockroachdb/cockroach/blob/HEAD/vendor/go.opentelemetry.io/otel/exporters/otlp/otlptrace/LICENSE,Apache-2.0
go.opentelemetry.io/otel/exporters/otlp/otlptrace/otlptracegrpc,https://github.com/cockroachdb/cockroach/blob/HEAD/vendor/go.opentelemetry.io/otel/exporters/otlp/otlptrace/otlptracegrpc/LICENSE,Apache-2.0
go.opentelemetry.io/otel/exporters/zipkin,https://github.com/cockroachdb/cockroach/blob/HEAD/vendor/go.opentelemetry.io/otel/exporters/zipkin/LICENSE,Apache-2.0
go.opentelemetry.io/otel/sdk,https://github.com/cockroachdb/cockroach/blob/HEAD/vendor/go.opentelemetry.io/otel/sdk/LICENSE,Apache-2.0
go.opentelemetry.io/otel/trace,https://github.com/cockroachdb/cockroach/blob/HEAD/vendor/go.opentelemetry.io/otel/trace/LICENSE,Apache-2.0
go.opentelemetry.io/proto/otlp,https://github.com/cockroachdb/cockroach/blob/HEAD/vendor/go.opentelemetry.io/proto/otlp/LICENSE,Apache-2.0
go.uber.org/atomic,https://github.com/cockroachdb/cockroach/blob/HEAD/vendor/go.uber.org/atomic/LICENSE.txt,MIT
golang.org/x/crypto,https://github.com/cockroachdb/cockroach/blob/HEAD/vendor/golang.org/x/crypto/LICENSE,BSD-3-Clause
golang.org/x/exp/rand,https://github.com/cockroachdb/cockroach/blob/HEAD/vendor/golang.org/x/exp/LICENSE,BSD-3-Clause
golang.org/x/mod/semver,https://github.com/cockroachdb/cockroach/blob/HEAD/vendor/golang.org/x/mod/LICENSE,BSD-3-Clause
golang.org/x/net,https://github.com/cockroachdb/cockroach/blob/HEAD/vendor/golang.org/x/net/LICENSE,BSD-3-Clause
golang.org/x/oauth2,https://github.com/cockroachdb/cockroach/blob/HEAD/vendor/golang.org/x/oauth2/LICENSE,BSD-3-Clause
golang.org/x/sync,https://github.com/cockroachdb/cockroach/blob/HEAD/vendor/golang.org/x/sync/LICENSE,BSD-3-Clause
golang.org/x/sys,https://github.com/cockroachdb/cockroach/blob/HEAD/vendor/golang.org/x/sys/LICENSE,BSD-3-Clause
golang.org/x/term,https://github.com/cockroachdb/cockroach/blob/HEAD/vendor/golang.org/x/term/LICENSE,BSD-3-Clause
golang.org/x/text,https://github.com/cockroachdb/cockroach/blob/HEAD/vendor/golang.org/x/text/LICENSE,BSD-3-Clause
golang.org/x/time/rate,https://github.com/cockroachdb/cockroach/blob/HEAD/vendor/golang.org/x/time/LICENSE,BSD-3-Clause
golang.org/x/tools,https://github.com/cockroachdb/cockroach/blob/HEAD/vendor/golang.org/x/tools/LICENSE,BSD-3-Clause
golang.org/x/xerrors,https://github.com/cockroachdb/cockroach/blob/HEAD/vendor/golang.org/x/xerrors/LICENSE,BSD-3-Clause
google.golang.org/api,https://github.com/cockroachdb/cockroach/blob/HEAD/vendor/google.golang.org/api/LICENSE,BSD-3-Clause
google.golang.org/api/internal/third_party/uritemplates,https://github.com/cockroachdb/cockroach/blob/HEAD/vendor/google.golang.org/api/internal/third_party/uritemplates/LICENSE,BSD-3-Clause
google.golang.org/genproto,https://github.com/cockroachdb/cockroach/blob/HEAD/vendor/google.golang.org/genproto/LICENSE,Apache-2.0
google.golang.org/grpc,https://github.com/cockroachdb/cockroach/blob/HEAD/vendor/google.golang.org/grpc/LICENSE,Apache-2.0
google.golang.org/protobuf,https://github.com/cockroachdb/cockroach/blob/HEAD/vendor/google.golang.org/protobuf/LICENSE,BSD-3-Clause
gopkg.in/square/go-jose.v2,https://github.com/cockroachdb/cockroach/blob/HEAD/vendor/gopkg.in/square/go-jose.v2/LICENSE,Apache-2.0
gopkg.in/square/go-jose.v2/json,https://github.com/cockroachdb/cockroach/blob/HEAD/vendor/gopkg.in/square/go-jose.v2/json/LICENSE,BSD-3-Clause
gopkg.in/yaml.v2,https://github.com/cockroachdb/cockroach/blob/HEAD/vendor/gopkg.in/yaml.v2/LICENSE,Apache-2.0
gopkg.in/yaml.v3,https://github.com/cockroachdb/cockroach/blob/HEAD/vendor/gopkg.in/yaml.v3/LICENSE,MIT
honnef.co/go/tools,https://github.com/cockroachdb/cockroach/blob/HEAD/vendor/honnef.co/go/tools/LICENSE,MIT
honnef.co/go/tools/go/ir,https://github.com/cockroachdb/cockroach/blob/HEAD/vendor/honnef.co/go/tools/go/ir/LICENSE,BSD-3-Clause
vitess.io/vitess/go,https://github.com/cockroachdb/cockroach/blob/HEAD/vendor/vitess.io/vitess/LICENSE,Apache-2.0
vitess.io/vitess/go/vt/vterrors,https://github.com/cockroachdb/cockroach/blob/HEAD/vendor/vitess.io/vitess/go/vt/vterrors/LICENSE,BSD-2-Clause
